cpu,freq,fan,load,temp
10.4,2.3,1977,251,53.0
8.8,1.82,1977,248,53.0
9.2,0.88,1977,248,51.0
27.4,0.8,1978,248,51.0
26.7,0.8,1978,248,51.0
6.4,0.8,1977,251,51.0
11.3,0.8,1978,248,51.0
19.7,1.53,1978,248,52.0
44.9,2.24,1978,248,54.0
16.1,1.41,1977,248,52.0
6.0,0.8,1976,248,52.0
4.5,0.8,1977,248,51.0
3.6,0.8,1977,248,51.0
5.8,0.8,1977,248,51.0
5.5,0.8,1977,248,51.0
6.3,0.8,1978,248,51.0
4.0,0.8,1979,248,51.0
4.8,0.85,1979,248,51.0
3.6,1.4,1979,248,51.0
4.8,1.51,1979,248,51.0
5.0,1.4,1978,248,51.0
3.5,0.8,1979,248,51.0
4.8,0.83,1978,248,51.0
5.5,0.8,1979,248,51.0
5.0,0.8,1980,248,50.0
5.2,0.8,1981,248,50.0
4.3,0.8,1982,248,50.0
3.5,0.8,1981,248,50.0
3.3,0.8,1982,248,50.0
8.2,1.43,1982,248,50.0
4.8,1.4,1982,248,51.0
4.3,1.4,1982,248,50.0
3.0,1.4,1982,248,50.0
6.8,0.8,1982,248,50.0
3.8,0.8,1982,248,50.0
5.0,0.82,1982,248,50.0
4.0,1.4,1982,248,50.0
4.1,0.8,1982,248,49.0
3.8,0.8,1982,248,50.0
6.7,0.8,1981,248,50.0
4.0,0.8,1981,248,51.0
5.5,0.8,1981,248,51.0
3.8,0.8,1981,248,50.0
5.5,1.4,1981,248,49.0
5.2,1.4,1982,248,49.0
5.3,0.8,1982,248,50.0
3.5,0.8,1982,248,50.0
3.6,0.8,1982,248,49.0
6.5,0.85,1982,248,49.0
6.0,0.8,1982,248,49.0
3.3,0.8,1982,248,50.0
4.8,0.8,1982,248,49.0
4.8,0.8,1982,248,50.0
5.0,1.46,1982,248,50.0
3.5,1.4,1982,248,50.0
5.8,0.83,1982,248,50.0
5.0,0.83,1982,248,49.0
4.3,0.8,1982,248,49.0
6.7,0.8,1982,248,49.0
5.0,0.8,1983,248,49.0
4.3,0.8,1983,248,50.0
5.0,0.8,1983,248,49.0
6.7,0.8,1983,248,49.0
5.0,0.81,1983,248,49.0
5.0,0.8,1983,248,49.0
6.8,1.4,1982,248,49.0
3.5,1.4,1982,248,48.0
4.5,1.4,1983,248,48.0
5.0,0.8,1983,248,48.0
4.0,0.8,1982,248,48.0
4.3,1.41,1982,248,49.0
9.1,1.31,1982,248,49.0
4.7,0.8,1982,248,49.0
6.0,0.88,1982,248,49.0
6.5,0.8,1982,248,49.0
4.0,0.8,1982,248,49.0
3.8,0.8,1982,248,49.0
4.3,0.8,1982,248,49.0
4.5,1.41,1983,248,49.0
4.8,0.81,1983,248,48.0
3.5,0.83,1983,248,48.0
4.8,1.62,1983,248,49.0
4.5,1.47,1984,248,49.0
4.0,0.8,1984,248,49.0
3.3,1.4,1983,248,49.0
3.8,0.8,1983,248,48.0
3.3,0.8,1983,248,49.0
5.0,0.8,1983,248,49.0
4.3,0.86,1983,248,49.0
4.5,0.8,1983,248,48.0
5.0,1.4,1983,248,49.0
5.5,0.89,1983,248,48.0
4.5,1.41,1983,248,49.0
5.3,0.8,1984,248,48.0
5.0,0.8,1984,248,49.0
5.8,0.8,1984,248,48.0
4.8,1.45,1983,248,49.0
5.0,0.82,1983,248,48.0
4.8,0.8,1983,248,48.0
4.3,0.8,1982,248,49.0
4.6,1.29,1983,248,52.0
4.3,0.81,1983,248,49.0
5.8,1.41,1983,249,49.0
5.5,1.41,1983,249,49.0
3.5,0.8,1983,249,48.0
4.3,0.8,1984,248,49.0
3.1,0.8,1983,248,48.0
4.5,1.4,1982,248,48.0
5.5,0.85,1983,248,49.0
4.5,0.8,1983,248,49.0
5.8,0.8,1983,248,48.0
5.1,0.8,1983,248,49.0
3.5,0.8,1983,248,48.0
5.0,0.8,1984,248,49.0
6.8,0.8,1983,248,48.0
5.0,0.95,1983,248,48.0
3.3,1.41,1983,248,48.0
6.0,1.4,1983,248,49.0
5.0,1.41,1984,248,49.0
4.8,0.8,1984,248,49.0
4.6,0.96,1985,248,49.0
4.8,0.8,1985,248,48.0
14.1,1.01,1985,249,49.0
23.7,1.15,1985,249,49.0
53.6,2.7,1984,249,53.0
27.1,0.8,1981,249,50.0
6.9,0.8,1980,248,50.0
8.8,1.33,1979,248,50.0
9.1,0.83,1979,248,50.0
3.8,1.41,1979,248,50.0
8.6,2.01,1981,248,50.0
4.6,1.4,1982,248,50.0
7.5,1.41,1982,248,50.0
7.1,0.89,1982,248,49.0
15.1,0.8,1982,248,50.0
10.0,0.87,1982,248,50.0
6.3,0.8,1982,248,50.0
14.6,0.94,1982,248,49.0
9.9,0.81,1983,248,49.0
8.4,0.83,1984,248,50.0
4.8,1.4,1985,248,49.0
8.2,1.42,1985,248,50.0
19.6,2.38,1984,249,53.0
24.2,0.82,1983,249,51.0
15.9,1.43,1981,249,51.0
17.6,0.8,1981,249,50.0
9.6,0.83,1981,249,50.0
11.7,0.8,1981,249,50.0
7.3,0.8,1981,249,50.0
5.3,0.8,1982,249,50.0
7.3,0.8,1982,249,50.0
10.9,1.4,1982,249,51.0
12.3,1.42,1983,249,51.0
12.7,0.91,1982,249,52.0
7.4,0.9,1982,249,52.0
6.5,0.9,1983,249,51.0
10.6,0.88,1982,249,51.0
13.6,1.76,1982,249,51.0
14.1,0.81,1982,249,50.0
14.9,2.54,1982,251,57.0
26.1,1.99,1982,251,55.0
28.8,1.95,1980,251,53.0
44.4,2.53,1978,252,59.0
31.1,1.94,1976,252,55.0
29.2,1.94,1975,252,57.0
25.6,0.83,1975,251,56.0
4.0,1.45,2002,251,53.0
11.0,0.8,2050,251,53.0
10.8,1.12,2173,251,53.0
6.7,1.0,2366,251,52.0
18.5,0.8,2500,251,53.0
21.8,2.02,2543,251,55.0
29.2,1.4,2592,251,54.0
18.8,3.06,2638,252,57.0
33.2,2.5,2760,253,55.0
20.6,1.18,2908,253,53.0
17.6,0.88,3011,253,53.0
20.0,2.8,3096,253,55.0
24.2,1.11,3161,253,54.0
44.1,3.02,3153,261,59.0
85.9,2.88,3112,259,61.0
87.2,2.99,3120,255,61.0
92.7,2.96,3120,258,62.0
98.7,2.99,3112,259,63.0
99.7,2.89,3120,261,64.0
94.2,2.99,3118,261,66.0
63.0,2.81,3120,261,65.0
57.8,2.78,3120,261,62.0
55.4,2.99,3153,261,65.0
87.5,3.04,3238,263,66.0
74.3,2.99,3395,263,67.0
97.5,3.03,3557,265,67.0
58.1,3.07,3568,265,65.0
80.3,2.99,3557,265,66.0
68.8,3.04,3525,266,68.0
80.4,3.04,3525,266,68.0
75.6,3.03,3525,266,69.0
58.4,3.09,3525,266,68.0
46.2,2.6,3547,266,66.0
41.6,1.93,3527,266,68.0
41.7,2.99,3530,266,67.0
86.7,2.95,3533,266,68.0
86.5,3.04,3536,267,66.0
34.1,1.94,3538,268,66.0
41.5,2.73,3538,268,66.0
47.6,3.04,3541,268,66.0
36.5,1.94,3543,268,66.0
33.8,1.95,3546,268,69.0
39.8,3.04,3546,268,69.0
73.2,2.92,3546,268,69.0
81.8,2.99,3546,269,71.0
91.0,2.92,3546,269,70.0
78.1,2.99,3546,268,70.0
74.2,2.99,3546,268,70.0
69.8,3.07,3546,268,71.0
38.8,2.44,3546,268,70.0
28.4,2.5,3549,268,70.0
27.7,1.96,3552,268,70.0
28.4,2.62,3547,268,70.0
40.7,1.93,3536,268,70.0
34.0,1.94,3568,268,69.0
26.2,1.98,3633,268,70.0
27.5,1.96,3758,269,70.0
28.4,1.97,3931,269,70.0
32.4,1.94,4024,269,69.0
30.3,1.94,4065,270,69.0
26.3,1.94,4051,270,69.0
27.6,1.94,4038,271,69.0
29.5,1.94,4024,271,70.0
33.3,1.94,4024,271,70.0
27.9,1.94,4024,271,69.0
26.4,1.94,4024,271,69.0
26.5,1.94,4024,271,69.0
27.6,1.94,4024,270,69.0
27.9,1.97,4024,270,67.0
25.9,1.94,4024,270,67.0
32.4,2.06,4024,270,66.0
33.3,2.67,4024,270,66.0
18.8,0.8,4027,269,63.0
19.5,2.21,4027,269,65.0
27.7,2.6,4027,269,68.0
35.0,2.87,4031,269,66.0
51.4,2.57,4031,268,64.0
31.5,1.46,4031,268,62.0
20.8,2.82,4031,268,66.0
48.0,2.19,4031,268,66.0
36.5,2.85,4034,268,63.0
13.6,0.8,4034,268,60.0
22.3,0.8,4038,268,61.0
19.5,0.8,4041,268,60.0
25.9,2.68,4041,268,64.0
31.1,1.43,4041,268,61.0
18.5,0.88,4041,268,60.0
27.9,1.39,4041,268,60.0
12.3,0.8,4041,268,59.0
15.7,1.43,4038,268,60.0
43.7,2.67,3958,268,66.0
44.3,2.99,3794,268,64.0
64.7,3.06,3621,270,65.0
48.1,3.11,3546,269,65.0
31.8,1.91,3515,269,61.0
27.8,2.52,3505,269,62.0
19.1,2.45,3515,269,62.0
26.5,2.9,3505,270,65.0
24.1,0.91,3515,270,62.0
23.7,1.33,3510,270,62.0
21.4,1.43,3510,270,58.0
20.6,0.95,3512,270,60.0
20.3,0.8,3512,270,58.0
16.5,0.8,3515,270,58.0
16.3,0.93,3515,270,58.0
15.4,0.8,3517,270,58.0
19.9,1.44,3520,270,59.0
21.9,0.8,3520,270,58.0
23.3,0.84,3520,270,58.0
25.2,1.91,3520,270,58.0
24.8,1.46,3522,270,58.0
30.8,1.12,3520,270,57.0
24.2,1.53,3517,270,57.0
9.0,0.85,3517,270,57.0
10.7,0.8,3517,270,56.0
6.8,0.8,3517,270,56.0
8.4,1.26,3517,270,56.0
6.5,0.88,3517,270,55.0
6.3,0.82,3517,270,54.0
17.3,1.71,3517,270,57.0
35.1,1.31,3515,270,57.0
15.8,0.8,3515,269,57.0
8.2,0.8,3515,269,57.0
5.1,0.87,3515,269,57.0
3.8,1.4,3517,269,54.0
4.9,1.04,3520,269,56.0
21.0,1.4,3520,269,54.0
14.3,1.18,3520,269,56.0
16.7,1.19,3520,269,56.0
30.8,2.09,3517,269,57.0
32.5,1.1,3515,269,57.0
26.3,2.95,3515,269,59.0
15.9,0.88,3515,269,57.0
18.1,0.8,3515,268,55.0
15.1,1.4,3515,268,55.0
30.6,2.12,3515,269,58.0
22.9,0.9,3512,269,55.0
29.8,1.35,3512,269,57.0
21.6,1.26,3512,269,55.0
22.7,0.91,3512,269,56.0
21.4,1.43,3512,269,55.0
20.1,0.91,3515,269,56.0
18.8,0.98,3515,269,56.0
16.0,1.0,3515,269,57.0
23.8,1.4,3515,269,54.0
29.6,1.04,3515,269,56.0
27.0,1.68,3515,269,54.0
22.8,0.96,3515,269,55.0
27.1,1.19,3515,269,55.0
27.7,1.03,3515,269,55.0
34.6,2.78,3515,269,62.0
15.7,1.38,3515,267,55.0
14.4,0.96,3515,267,55.0
20.8,0.8,3515,267,54.0
28.8,0.85,3515,267,56.0
25.3,2.06,3515,268,58.0
20.3,1.34,3512,268,56.0
24.0,1.41,3512,268,55.0
20.3,1.06,3512,268,56.0
18.8,0.92,3512,268,55.0
16.2,1.46,3512,268,55.0
16.0,0.91,3515,268,55.0
20.7,0.97,3515,268,56.0
19.4,1.07,3515,268,55.0
16.2,1.43,3515,268,54.0
16.5,1.46,3515,268,54.0
16.8,0.8,3515,268,53.0
15.3,0.8,3515,268,53.0
16.5,0.93,3515,268,53.0
15.5,0.8,3515,268,53.0
15.4,0.8,3515,268,53.0
19.7,0.8,3512,268,53.0
16.0,0.92,3512,268,54.0
16.8,0.91,3512,268,55.0
17.9,1.48,3512,268,54.0
22.5,1.46,3512,268,53.0
18.5,0.98,3515,268,53.0
19.9,1.71,3515,268,55.0
29.1,1.21,3515,268,53.0
29.0,0.99,3512,268,53.0
25.3,0.93,3510,268,53.0
39.0,2.38,3507,268,54.0
19.7,0.8,3505,268,53.0
19.7,0.8,3505,268,53.0
23.6,0.84,3505,268,55.0
23.1,0.81,3505,268,54.0
17.8,1.44,3505,268,53.0
26.7,1.04,3505,268,54.0
21.9,0.81,3505,268,53.0
19.4,1.43,3505,268,53.0
28.6,2.22,3505,269,54.0
16.4,1.58,3505,269,53.0
18.9,2.75,3505,268,55.0
37.8,2.9,3505,268,57.0
25.1,2.35,3505,267,57.0
26.3,2.99,3505,267,58.0
44.5,2.56,3505,267,58.0
31.4,2.39,3502,267,59.0
21.6,2.98,3502,267,57.0
17.2,2.04,3499,267,56.0
19.1,2.56,3525,267,57.0
13.2,1.74,3525,267,56.0
16.1,2.5,3536,267,56.0
15.6,1.95,3525,267,57.0
17.7,2.54,3525,267,58.0
19.6,2.5,3525,267,56.0
17.3,2.43,3525,267,57.0
17.0,2.07,3525,267,55.0
13.4,1.36,3525,267,56.0
24.1,2.87,3525,267,56.0
43.4,3.08,3525,267,59.0
42.2,3.11,3522,267,60.0
24.3,2.04,3520,267,59.0
16.7,2.96,3522,267,58.0
28.1,1.73,3522,267,57.0
11.0,2.5,3522,267,57.0
14.5,0.93,3528,267,57.0
14.9,2.32,3533,267,57.0
18.6,2.67,3533,267,59.0
29.9,2.89,3533,267,58.0
20.7,3.14,3530,267,60.0
28.4,3.11,3530,268,59.0
23.2,3.09,3527,268,61.0
54.0,2.98,3525,275,64.0
77.1,2.99,3525,273,64.0
63.0,2.99,3525,273,65.0
67.4,3.06,3522,270,66.0
67.9,3.04,3522,274,66.0
62.2,3.04,3520,274,67.0
61.9,2.93,3520,274,67.0
70.8,2.99,3520,274,67.0
59.0,3.04,3522,272,68.0
79.9,2.99,3525,272,69.0
95.2,2.92,3525,272,69.0
97.5,2.93,3525,272,70.0
95.8,2.99,3525,270,70.0
99.0,2.96,3525,268,69.0
99.5,2.99,3525,268,70.0
95.2,2.98,3525,268,71.0
82.0,2.96,3525,268,72.0
80.8,2.94,3525,268,71.0
75.2,3.04,3525,268,70.0
73.2,3.04,3525,269,72.0
78.7,2.51,3525,269,71.0
35.2,3.13,3525,269,70.0
35.4,3.12,3547,269,71.0
42.2,3.12,3633,269,70.0
63.2,3.05,3735,269,72.0
65.4,2.95,3893,269,71.0
40.3,3.11,3984,269,71.0
40.8,3.13,4038,269,69.0
35.5,3.11,4051,269,69.0
34.4,3.09,4051,269,69.0
39.4,3.04,4024,269,70.0
35.6,3.1,4024,269,71.0
39.3,3.09,4024,269,71.0
35.6,3.12,4011,269,71.0
43.2,3.12,4024,269,71.0
40.3,3.12,4020,269,71.0
39.6,2.52,4020,269,71.0
31.8,2.5,4020,269,71.0
39.0,3.07,4020,269,69.0
34.1,1.91,4024,269,68.0
30.3,2.53,4024,269,68.0
30.6,2.54,4024,269,68.0
30.3,2.53,4024,269,68.0
34.4,2.52,4024,269,69.0
37.3,3.09,4024,269,69.0
35.6,3.06,4024,269,71.0
32.2,2.51,4024,269,71.0
32.0,2.53,4024,269,71.0
38.7,3.12,4024,269,71.0
31.8,3.13,4024,269,71.0
32.7,3.13,4024,269,71.0
35.3,2.53,4024,269,72.0
38.0,2.57,4024,269,72.0
32.8,3.08,4024,269,72.0
35.6,3.05,4024,269,72.0
33.7,3.16,4027,269,72.0
36.6,3.04,4027,269,71.0
60.1,3.13,4027,269,72.0
32.3,1.94,4024,269,72.0
32.0,3.13,4024,268,72.0
24.5,2.77,4027,269,67.0
31.6,2.83,4027,269,69.0
33.4,3.08,4027,269,68.0
24.9,2.83,4027,269,68.0
30.6,2.77,4031,269,67.0
31.1,2.91,4031,270,70.0
50.4,3.02,4027,271,70.0
35.4,2.85,4031,271,68.0
36.5,2.88,4031,271,69.0
52.5,2.96,4027,271,67.0
33.4,3.03,4031,271,68.0
43.8,3.1,4027,270,67.0
30.4,3.06,4031,270,68.0
21.0,1.87,4031,270,67.0
21.2,1.91,4034,270,67.0
21.8,1.97,4038,270,66.0
30.3,2.62,4038,270,67.0
32.2,1.86,4038,270,65.0
27.4,2.08,4038,270,65.0
28.9,1.69,4038,270,65.0
41.1,2.04,4038,261,66.0
28.5,2.05,4038,261,66.0
25.9,1.77,4038,261,65.0
28.3,1.96,4038,261,65.0
26.8,1.43,4038,261,63.0
23.0,1.25,4038,261,64.0
24.2,1.59,4038,261,63.0
26.8,1.15,4038,261,63.0
36.7,1.6,4038,261,64.0
25.9,1.15,4038,262,63.0
28.6,1.4,4038,262,62.0
28.9,1.33,4038,265,62.0
27.2,1.76,4038,265,62.0
25.5,1.61,4038,265,62.0
27.2,1.54,4038,265,61.0
26.5,1.61,4038,265,61.0
27.0,1.45,4038,265,60.0
27.4,1.66,4038,265,65.0
24.3,2.13,4038,265,61.0
24.5,1.53,4038,265,61.0
26.7,1.64,4038,265,61.0
25.3,1.64,4038,265,61.0
26.3,1.0,4038,265,60.0
28.2,1.39,4038,265,60.0
29.1,1.92,4038,265,59.0
29.8,1.35,4038,265,61.0
27.7,1.57,3984,265,61.0
27.5,1.87,3893,265,59.0
25.3,1.75,3700,265,60.0
45.7,2.71,3578,263,62.0
20.2,1.87,3547,263,60.0
24.0,1.44,3536,263,60.0
27.5,1.73,3536,263,59.0
60.1,3.11,3536,263,61.0
44.0,2.92,3536,263,63.0
43.1,2.8,3515,263,63.0
38.6,3.02,3533,264,63.0
57.8,3.14,3530,264,64.0
30.9,2.94,3527,264,65.0
30.7,2.38,3525,264,64.0
29.0,2.94,3525,264,64.0
29.8,2.56,3525,264,63.0
30.4,2.33,3527,264,61.0
31.6,2.31,3530,264,62.0
30.5,2.0,3533,264,62.0
28.6,2.11,3536,263,62.0
53.6,2.98,3536,263,67.0
41.9,2.51,3536,263,62.0
27.5,2.09,3533,263,62.0
28.3,2.3,3533,263,63.0
30.5,2.2,3533,263,63.0
29.1,2.41,3533,263,63.0
30.1,2.07,3536,263,62.0
29.8,2.26,3533,263,63.0
25.3,1.75,3533,263,61.0
31.2,2.41,3530,263,63.0
25.2,1.95,3530,263,62.0
30.7,2.15,3530,263,62.0
26.8,1.94,3530,263,61.0
31.4,2.74,3533,263,63.0
29.0,2.3,3533,263,63.0
27.5,1.7,3536,262,61.0
48.6,2.87,3533,267,66.0
80.0,2.95,3530,267,67.0
68.5,3.07,3527,267,68.0
66.5,2.99,3525,267,68.0
69.3,2.89,3525,267,69.0
69.2,2.94,3525,267,69.0
70.4,2.98,3525,267,69.0
71.7,2.99,3525,267,69.0
69.0,2.96,3525,267,69.0
69.5,3.04,3525,267,69.0
67.8,2.96,3525,267,71.0
70.8,2.88,3525,267,71.0
69.3,2.93,3525,267,70.0
69.9,2.91,3525,267,71.0
66.3,3.05,3525,264,70.0
75.9,2.85,3525,267,72.0
95.2,2.86,3536,267,73.0
97.7,3.0,3611,267,72.0
73.1,3.1,3747,267,72.0
70.0,2.86,3918,267,72.0
62.4,2.86,3997,264,73.0
59.2,2.87,4051,266,73.0
64.1,3.02,4038,263,74.0
82.2,2.86,4038,262,73.0
76.7,2.86,4038,262,73.0
39.0,2.49,4051,262,72.0
35.1,2.93,4024,262,71.0
36.1,2.65,4011,262,71.0
32.7,2.49,4024,262,72.0
32.4,2.52,4024,262,72.0
36.5,3.12,4010,262,71.0
32.5,2.54,4020,262,71.0
33.0,2.51,4020,262,71.0
33.1,1.93,4024,262,71.0
32.2,2.53,4024,262,71.0
34.3,2.52,4020,262,71.0
34.1,2.87,4024,262,71.0
33.1,2.52,4024,262,71.0
32.3,1.93,4024,262,71.0
33.2,2.58,4024,262,71.0
32.8,2.52,4024,262,70.0
32.5,2.03,4024,262,71.0
32.7,1.97,4024,262,71.0
33.3,1.97,4024,262,72.0
33.2,1.93,4024,262,71.0
32.3,2.53,4024,262,71.0
34.6,3.1,4024,262,71.0
32.1,2.54,4024,262,71.0
32.6,2.08,4024,262,71.0
32.2,2.5,4024,262,70.0
35.0,1.92,4024,262,71.0
32.6,3.02,4024,262,71.0
32.3,2.57,4024,262,71.0
31.9,3.07,4024,262,71.0
33.7,3.12,4024,262,70.0
32.7,2.46,4024,262,72.0
34.1,2.58,4024,262,71.0
33.1,3.07,4024,262,71.0
32.9,2.52,4024,262,71.0
40.6,1.75,4024,261,68.0
16.8,1.5,4027,261,67.0
18.4,0.91,4027,261,65.0
17.5,1.71,4027,261,65.0
17.6,1.19,4031,261,66.0
16.2,1.04,4031,261,65.0
20.4,0.91,4034,261,66.0
18.6,0.95,4034,261,65.0
18.5,0.99,4031,261,64.0
18.0,1.15,4031,261,63.0
18.1,0.95,4031,261,63.0
17.1,1.01,4034,261,64.0
17.9,1.61,4031,261,62.0
16.3,0.92,4027,261,63.0
19.4,0.82,4027,261,62.0
18.4,0.87,4031,261,62.0
19.4,1.47,4027,261,62.0
17.7,1.01,4024,261,62.0
19.1,1.5,4024,261,62.0
19.7,1.49,4027,261,61.0
18.0,0.8,4027,261,61.0
19.2,0.82,4024,261,61.0
19.1,0.95,4024,261,60.0
19.0,0.86,4024,261,61.0
18.6,0.8,4024,261,60.0
19.4,1.51,4024,261,60.0
19.9,1.11,3984,261,62.0
18.9,1.14,3906,261,62.0
17.3,1.46,3747,261,60.0
20.3,0.99,3589,262,59.0
21.2,2.31,3536,262,61.0
25.3,1.49,3525,262,60.0
20.9,1.01,3515,262,59.0
35.4,1.59,3515,262,59.0
25.2,1.32,3515,260,60.0
20.6,1.45,3525,260,61.0
23.0,0.99,3517,260,60.0
20.3,0.84,3515,260,60.0
24.1,1.98,3517,260,62.0
34.6,3.05,3517,261,62.0
30.6,2.77,3517,263,63.0
17.4,1.67,3515,263,62.0
15.5,2.06,3517,263,62.0
16.4,1.8,3517,263,62.0
23.2,2.48,3515,261,64.0
77.3,2.84,3515,256,67.0
88.4,2.87,3515,256,68.0
88.7,2.89,3515,256,69.0
94.5,2.83,3515,256,69.0
68.8,3.01,3512,256,68.0
67.9,2.97,3512,256,69.0
61.5,2.94,3510,256,69.0
51.5,2.99,3510,256,69.0
48.5,1.75,3512,256,64.0
20.2,1.67,3512,256,65.0
18.4,0.9,3517,256,64.0
15.1,1.29,3520,256,64.0
18.5,0.8,3522,256,63.0
24.2,3.03,3525,259,68.0
33.9,2.06,3525,257,66.0
25.2,1.87,3522,256,64.0
19.8,1.45,3522,256,62.0
15.6,1.51,3522,256,63.0
17.3,1.54,3520,256,62.0
18.9,1.47,3520,256,63.0
19.5,0.88,3522,256,61.0
20.4,0.81,3525,256,61.0
18.2,1.11,3525,256,61.0
17.9,1.07,3522,256,63.0
18.2,0.9,3525,256,62.0
17.8,0.8,3525,256,61.0
17.9,0.96,3522,256,61.0
18.2,1.08,3520,256,62.0
19.0,1.19,3517,256,62.0
16.1,1.13,3517,256,62.0
16.4,1.01,3515,256,60.0
17.8,0.8,3515,256,60.0
17.1,1.04,3515,256,60.0
17.7,1.0,3515,256,60.0
16.0,1.46,3515,256,60.0
17.1,1.09,3515,256,59.0
17.7,1.06,3515,256,60.0
19.5,1.47,3515,256,60.0
16.8,1.44,3515,256,60.0
17.5,1.44,3515,256,59.0
18.0,1.51,3515,256,60.0
20.0,0.8,3515,256,59.0
17.7,1.22,3515,256,59.0
17.2,0.8,3515,256,59.0
17.3,0.87,3515,256,58.0
20.4,0.8,3515,256,59.0
18.5,0.83,3515,256,60.0
19.0,1.4,3515,256,58.0
19.5,1.58,3515,256,58.0
20.3,1.45,3515,256,58.0
17.9,0.99,3512,256,57.0
17.6,0.85,3512,256,58.0
17.4,0.9,3512,256,58.0
19.3,0.84,3512,256,58.0
17.9,0.85,3510,256,58.0
17.5,0.86,3512,256,57.0
19.1,1.43,3512,256,58.0
17.1,1.05,3510,256,58.0
19.6,2.84,3507,256,61.0
52.8,2.85,3505,256,64.0
48.0,2.83,3505,256,64.0
18.1,1.29,3505,256,58.0
20.5,1.21,3505,256,58.0
35.1,1.18,3507,256,60.0
23.3,1.46,3507,256,59.0
25.6,1.51,3510,254,58.0
24.9,1.07,3510,254,58.0
27.0,2.72,3512,255,61.0
39.3,1.58,3510,256,59.0
29.9,2.52,3507,256,62.0
96.7,2.66,3505,255,66.0
100.0,2.75,3502,255,66.0
100.0,2.72,3499,255,68.0
100.0,2.69,3515,255,68.0
60.4,2.9,3525,255,64.0
28.3,2.63,3536,255,65.0
24.2,2.59,3536,255,65.0
22.6,2.39,3536,255,66.0
25.4,2.74,3530,255,66.0
23.4,2.8,3530,255,67.0
25.6,2.78,3533,255,67.0
22.6,2.56,3533,255,65.0
23.5,2.94,3533,255,67.0
22.4,2.74,3533,255,67.0
26.1,2.74,3536,256,67.0
23.5,2.46,3536,256,67.0
25.0,2.42,3536,257,68.0
22.5,2.62,3578,257,67.0
25.3,2.66,3568,257,68.0
22.5,2.94,3536,256,68.0
26.4,2.53,3547,256,69.0
21.9,2.79,3536,256,69.0
22.8,2.46,3536,256,68.0
23.1,2.71,3547,256,69.0
24.2,2.84,3541,255,69.0
22.3,2.93,3541,255,70.0
22.9,2.84,3538,255,69.0
26.7,3.13,3541,255,70.0
24.9,2.55,3544,255,70.0
22.2,2.97,3541,255,69.0
24.4,2.71,3538,255,69.0
22.8,3.09,3541,255,70.0
24.0,3.07,3544,255,70.0
22.7,2.52,3544,255,70.0
22.4,2.54,3544,255,70.0
24.0,2.94,3546,255,70.0
23.6,2.98,3546,255,70.0
24.7,2.49,3546,255,69.0
21.0,2.59,3546,255,70.0
22.4,2.25,3546,255,70.0
21.0,2.24,3546,255,70.0
20.7,2.18,3546,255,70.0
22.5,2.3,3549,255,70.0
24.0,2.6,3548,255,69.0
21.1,1.87,3549,255,68.0
22.1,2.01,3546,255,68.0
22.2,2.47,3549,255,70.0
20.9,2.26,3549,255,69.0
21.3,2.07,3546,255,68.0
22.5,1.84,3547,255,69.0
22.7,2.01,3549,255,69.0
21.7,1.79,3549,255,69.0
23.2,2.36,3547,255,70.0
25.0,3.04,3547,255,70.0
24.5,2.71,3546,255,71.0
22.5,2.85,3546,255,72.0
21.3,2.58,3546,255,70.0
22.1,2.58,3547,255,69.0
23.0,2.74,3547,255,70.0
20.8,2.25,3549,255,70.0
23.6,2.69,3549,255,70.0
21.6,2.85,3549,255,70.0
20.8,2.33,3552,255,70.0
20.9,2.79,3525,254,69.0
20.9,2.08,3536,254,69.0
21.8,2.43,3525,254,69.0
23.1,1.81,3525,254,69.0
22.1,2.85,3525,254,69.0
25.0,2.22,3525,254,69.0
24.6,2.69,3525,254,69.0
23.3,1.86,3525,254,69.0
20.8,2.69,3527,254,69.0
21.4,2.06,3530,254,69.0
20.8,2.59,3530,254,70.0
20.3,2.03,3530,254,69.0
21.8,1.94,3533,254,68.0
25.7,2.54,3530,254,69.0
22.1,2.59,3530,254,69.0
20.5,2.44,3527,254,68.0
25.7,2.66,3530,254,70.0
24.1,1.97,3530,254,71.0
23.7,2.83,3527,254,71.0
24.7,2.57,3527,254,72.0
25.0,2.99,3525,254,72.0
26.2,2.8,3525,254,72.0
25.4,2.57,3525,254,73.0
28.4,3.05,3525,254,74.0
23.6,2.82,3557,254,73.0
25.4,3.02,3621,254,74.0
22.8,2.97,3770,254,74.0
23.5,2.95,3970,254,74.0
24.3,3.01,4052,254,74.0
21.5,2.51,4079,254,73.0
23.4,1.97,4051,254,72.0
26.3,2.41,4024,254,72.0
19.5,2.19,4024,254,72.0
26.5,2.15,4024,254,71.0
21.5,2.54,4024,254,72.0
22.4,2.53,4024,254,71.0
21.6,2.48,4024,254,72.0
21.7,2.79,4024,254,72.0
24.9,2.04,4024,254,71.0
22.7,2.36,4024,254,70.0
34.1,3.13,4024,254,71.0
27.3,3.0,4024,254,71.0
24.1,2.12,4024,254,71.0
92.0,2.99,4020,254,78.0
100.0,2.99,4017,254,76.0
44.9,2.53,4020,254,74.0
7.6,2.61,4020,254,73.0
17.2,3.11,4020,254,74.0
20.5,2.99,4020,254,75.0
19.6,2.69,4024,254,76.0
16.8,2.14,4024,254,76.0
17.3,1.99,4024,254,76.0
19.6,2.67,4024,254,76.0
26.0,2.64,4024,254,76.0
29.7,2.54,4024,254,77.0
21.2,2.05,4024,254,77.0
17.8,2.31,4024,253,77.0
42.8,2.87,4024,253,77.0
26.5,2.11,4024,253,77.0
22.2,2.94,4024,253,78.0
23.2,2.48,4024,253,78.0
21.1,2.73,4024,253,78.0
23.4,2.93,4024,253,79.0
18.0,2.72,4024,253,78.0
18.9,2.24,4024,253,78.0
19.7,2.95,4024,253,79.0
17.6,2.19,4024,253,79.0
16.6,2.48,4024,253,79.0
18.0,2.74,4024,253,79.0
18.0,2.96,4024,253,79.0
17.4,2.62,4024,253,81.0
14.1,3.01,4027,253,79.0
19.0,3.13,4031,253,80.0
14.4,2.55,4034,253,80.0
16.2,2.47,4034,253,81.0
16.2,2.47,4038,253,80.0
17.3,2.61,4038,253,80.0
16.0,2.49,4038,253,81.0
16.9,2.53,4038,253,80.0
15.6,3.13,4034,253,81.0
18.8,2.56,4034,253,81.0
19.8,2.78,4034,253,82.0
16.3,2.58,4038,253,81.0
16.7,2.65,4038,253,81.0
20.6,2.5,4038,253,81.0
18.9,2.63,4038,253,82.0
18.0,3.03,4038,253,82.0
20.1,3.07,4038,253,82.0
18.6,2.72,4038,253,82.0
19.4,2.95,4038,253,82.0
19.7,2.43,4038,253,82.0
20.5,2.6,4038,253,82.0
18.8,2.66,4038,253,82.0
19.8,2.05,4038,253,82.0
17.9,2.65,4038,253,83.0
17.0,2.1,4038,253,83.0
19.2,2.61,4041,253,83.0
17.2,3.12,4044,253,83.0
16.9,2.54,4044,253,84.0
17.6,3.0,4044,253,84.0
16.3,2.46,4048,253,83.0
17.1,1.96,4051,253,84.0
17.3,2.97,4024,253,84.0
17.4,3.07,4024,253,84.0
17.1,2.11,4065,253,84.0
15.6,1.99,4107,253,84.0
15.7,1.97,4269,253,84.0
16.0,2.59,4510,253,84.0
15.3,2.11,4633,253,83.0
16.5,2.68,4651,253,84.0
16.5,2.68,4633,253,83.0
20.3,2.97,4651,253,84.0
18.5,2.62,4614,253,84.0
19.2,2.65,4614,253,84.0
18.1,2.69,4614,253,84.0
19.5,2.58,4614,253,83.0
18.7,2.04,4614,253,83.0
17.1,2.05,4614,253,84.0
16.5,2.14,4614,253,83.0
16.9,2.81,4614,253,84.0
20.5,2.48,4614,253,84.0
16.7,2.5,4614,253,84.0
14.6,2.83,4614,253,84.0
15.1,3.11,4614,253,85.0
16.2,2.68,4614,253,85.0
15.9,2.85,4614,253,84.0
16.6,2.8,4614,253,83.0
16.9,1.82,4614,253,84.0
15.2,2.55,4614,253,84.0
17.6,2.55,4614,253,84.0
19.2,3.08,4614,253,83.0
17.0,2.58,4614,253,84.0
17.0,2.86,4614,253,85.0
16.5,2.02,4614,253,84.0
15.9,3.08,4614,253,84.0
15.8,2.87,4614,253,84.0
18.0,3.12,4614,253,84.0
15.0,2.8,4614,253,84.0
16.4,3.08,4614,253,84.0
15.7,2.09,4614,253,84.0
19.3,2.76,4614,253,83.0
15.1,2.52,4614,253,84.0
15.6,2.0,4614,253,84.0
35.7,2.55,4614,253,84.0
18.3,2.4,4614,253,84.0
18.3,2.49,4614,253,84.0
18.0,1.93,4614,253,84.0
17.6,1.98,4614,253,84.0
17.5,1.32,4614,253,85.0
19.6,2.51,4614,253,84.0
17.9,2.74,4614,253,84.0
20.0,2.74,4614,253,85.0
18.6,2.09,4614,253,84.0
16.8,2.75,4614,254,85.0
14.8,2.76,4614,254,85.0
16.5,2.8,4614,254,85.0
16.7,2.78,4614,254,84.0
16.0,2.88,4614,254,85.0
18.3,2.48,4614,254,84.0
19.1,2.37,4614,254,85.0
19.2,2.58,4614,254,85.0
17.6,2.33,4614,254,85.0
19.4,2.72,4614,254,84.0
20.3,3.07,4614,254,85.0
17.2,2.52,4614,254,85.0
22.8,2.77,4614,254,85.0
19.6,1.98,4618,254,84.0
19.2,2.56,4618,254,85.0
20.4,2.32,4623,254,84.0
22.1,2.66,4623,254,85.0
20.2,2.51,4628,254,85.0
21.1,2.47,4623,254,85.0
19.9,2.37,4618,254,84.0
20.6,2.07,4618,254,84.0
19.5,1.98,4618,254,85.0
19.5,2.73,4618,254,84.0
17.8,1.93,4614,254,84.0
17.9,1.86,4614,254,84.0
16.5,2.26,4614,254,85.0
19.4,2.36,4614,254,85.0
22.4,2.08,4614,254,85.0
17.5,2.36,4614,254,85.0
17.0,2.0,4614,254,84.0
17.8,2.27,4614,254,85.0
18.3,2.38,4618,254,85.0
18.8,2.27,4618,254,85.0
17.8,2.52,4618,254,85.0
19.1,2.74,4618,254,85.0
17.8,2.97,4623,254,85.0
16.9,2.63,4623,254,86.0
18.1,2.49,4618,254,85.0
18.1,1.88,4618,254,86.0
17.7,2.8,4623,254,86.0
17.7,2.5,4623,254,85.0
19.3,2.67,4618,254,86.0
20.2,2.73,4618,254,86.0
20.5,2.45,4618,254,85.0
20.6,2.56,4618,254,86.0
22.9,1.94,4614,254,85.0
20.8,2.75,4614,254,86.0
19.1,2.94,4614,254,86.0
20.3,2.79,4614,254,86.0
17.8,1.89,4614,254,86.0
18.7,2.67,4614,254,86.0
16.9,2.19,4614,254,86.0
19.8,2.02,4614,254,87.0
17.1,2.49,4618,254,86.0
16.5,2.8,4618,254,86.0
19.8,2.93,4623,254,86.0
16.2,1.74,4628,254,85.0
16.6,1.8,4628,254,86.0
18.1,1.8,4628,254,86.0
15.3,2.55,4623,254,87.0
18.3,2.66,4628,254,86.0
17.7,2.05,4628,254,86.0
17.5,2.53,4628,254,87.0
18.8,2.75,4623,254,87.0
18.2,2.13,4623,254,86.0
18.9,2.0,4623,254,86.0
17.1,2.03,4618,254,86.0
16.2,2.48,4618,254,87.0
17.0,1.87,4614,254,86.0
15.9,1.97,4614,254,87.0
15.4,2.36,4614,254,87.0
15.7,2.84,4614,254,87.0
15.6,2.63,4614,254,86.0
16.7,2.53,4614,254,86.0
17.3,2.54,4614,254,86.0
16.6,2.44,4614,254,87.0
17.7,2.5,4614,254,86.0
20.2,1.93,4618,254,86.0
16.8,2.36,4623,254,87.0
37.2,2.62,4628,254,86.0
18.6,2.23,4628,254,86.0
18.5,2.31,4633,254,86.0
19.2,2.54,4633,254,86.0
18.2,3.06,4633,254,86.0
19.6,2.52,4633,254,86.0
17.8,3.06,4628,254,87.0
17.8,2.34,4633,254,87.0
19.2,1.36,4633,253,86.0
17.1,2.55,4628,253,86.0
15.9,2.5,4628,253,86.0
17.5,2.53,4623,253,86.0
17.9,2.04,4623,253,86.0
18.3,2.92,4618,253,87.0
15.9,2.52,4614,253,86.0
20.4,2.38,4618,253,86.0
18.1,2.51,4618,253,86.0
17.3,3.06,4623,253,87.0
18.0,2.67,4628,253,87.0
18.9,2.69,4633,253,86.0
20.2,3.06,4633,253,86.0
20.1,2.65,4633,253,86.0
21.6,2.45,4633,253,87.0
20.7,2.92,4633,253,87.0
21.3,3.06,4633,253,86.0
22.9,2.31,4633,253,85.0
19.5,2.43,4628,253,87.0
19.6,2.5,4628,253,87.0
18.9,2.4,4623,253,87.0
18.3,2.94,4623,253,86.0
18.5,2.49,4623,253,86.0
18.0,2.6,4628,253,86.0
19.7,2.05,4633,253,86.0
18.2,2.79,4628,253,87.0
20.9,2.65,4628,253,86.0
21.7,2.65,4628,253,87.0
22.0,2.32,4628,253,87.0
20.0,2.38,4628,253,87.0
22.1,2.75,4628,253,87.0
21.0,1.92,4628,253,86.0
20.5,3.05,4623,253,87.0
21.4,2.74,4623,253,86.0
20.2,2.05,4618,253,87.0
19.6,2.37,4614,253,87.0
21.4,2.74,4614,253,88.0
18.6,2.56,4618,253,87.0
19.6,2.77,4623,253,87.0
20.0,2.62,4618,253,87.0
20.3,2.68,4623,253,87.0
19.5,2.61,4623,253,87.0
20.0,2.78,4623,253,87.0
18.0,2.55,4623,253,87.0
16.4,1.94,4623,253,87.0
18.7,2.61,4623,253,88.0
20.6,1.9,4618,253,87.0
20.6,2.52,4618,253,87.0
18.4,2.72,4623,253,87.0
17.6,2.47,4618,253,87.0
18.6,2.16,4618,253,86.0
20.2,2.42,4618,253,86.0
22.2,1.52,4623,253,87.0
18.6,2.15,4628,253,87.0
19.4,2.01,4628,253,87.0
20.3,2.04,4628,253,87.0
20.1,1.87,4628,253,87.0
17.4,2.41,4628,253,87.0
16.9,2.4,4623,253,88.0
16.2,1.99,4618,253,87.0
17.4,2.66,4614,253,88.0
19.5,2.65,4618,253,88.0
19.2,2.01,4618,253,87.0
18.2,2.57,4623,253,88.0
18.7,2.49,4628,253,87.0
21.1,2.45,4628,253,88.0
18.4,2.88,4633,253,87.0
19.3,2.89,4633,253,87.0
19.2,2.4,4628,253,88.0
16.9,2.5,4623,253,87.0
18.0,2.49,4618,253,88.0
19.8,2.67,4623,253,87.0
18.1,3.06,4623,253,88.0
16.3,2.92,4623,253,87.0
16.1,2.02,4628,253,87.0
18.0,2.32,4628,253,87.0
17.6,2.66,4628,253,87.0
16.2,2.18,4628,253,88.0
16.5,1.89,4628,253,88.0
16.4,2.47,4628,253,88.0
18.0,2.47,4623,253,87.0
18.4,2.26,4628,253,88.0
19.6,2.9,4633,253,87.0
19.5,2.18,4633,253,87.0
19.8,2.3,4628,253,88.0
21.9,2.14,4628,253,88.0
20.5,2.57,4633,253,88.0
40.7,2.87,4633,253,88.0
21.8,2.2,4633,253,88.0
21.3,2.44,4633,253,88.0
18.4,2.4,4633,253,88.0
19.3,2.31,4633,253,88.0
19.5,1.69,4628,253,88.0
19.5,1.32,4623,253,88.0
18.6,2.58,4623,253,88.0
20.6,2.05,4618,253,88.0
20.2,2.22,4623,253,87.0
21.2,2.58,4623,253,88.0
22.7,2.39,4628,253,88.0
20.4,2.34,4633,253,88.0
20.6,2.3,4633,253,88.0
17.5,2.58,4633,253,88.0
19.3,1.78,4633,253,88.0
20.2,2.45,4633,253,88.0
21.1,2.45,4633,253,88.0
18.7,2.8,4633,253,88.0
19.7,2.65,4633,253,88.0
18.5,3.07,4633,253,88.0
17.7,2.31,4633,253,87.0
17.3,2.34,4633,253,87.0
17.4,2.54,4633,253,88.0
18.1,2.35,4633,253,88.0
20.2,2.59,4633,253,88.0
19.7,2.45,4633,253,88.0
23.1,2.5,4633,253,88.0
18.4,2.45,4633,253,88.0
19.2,2.88,4633,253,88.0
19.6,2.16,4633,253,88.0
17.8,1.9,4633,253,88.0
20.2,2.5,4633,253,88.0
22.6,2.4,4633,253,88.0
21.1,2.56,4633,253,89.0
22.6,2.23,4633,253,88.0
21.2,2.13,4633,253,88.0
22.0,2.13,4633,253,89.0
21.4,2.14,4633,253,88.0
20.5,3.04,4633,253,87.0
19.0,2.31,4633,253,87.0
19.8,2.12,4633,253,88.0
20.2,2.73,4633,253,88.0
19.7,2.72,4633,253,88.0
19.5,2.72,4633,252,88.0
18.4,2.62,4633,252,88.0
21.2,2.87,4633,252,88.0
19.6,2.4,4633,252,89.0
20.4,2.57,4628,252,89.0
20.2,2.36,4628,253,89.0
19.2,2.88,4633,253,88.0
20.5,2.06,4633,253,88.0
18.6,2.57,4633,253,88.0
19.1,2.29,4633,253,88.0
19.6,3.05,4633,253,88.0
17.5,2.88,4633,253,89.0
21.9,2.86,4633,253,88.0
18.5,1.81,4633,253,89.0
18.6,1.84,4633,253,88.0
17.3,2.92,4633,253,88.0
16.6,2.39,4633,253,89.0
17.3,2.34,4633,253,88.0
16.6,2.49,4633,253,89.0
17.9,2.46,4633,253,88.0
18.7,2.6,4633,253,89.0
19.5,1.86,4633,253,89.0
18.5,1.92,4633,253,89.0
16.2,2.45,4633,253,88.0
15.4,2.64,4633,253,88.0
17.0,2.76,4633,253,88.0
15.6,2.92,4633,253,89.0
16.9,1.97,4633,253,88.0
17.4,2.45,4633,253,89.0
18.8,2.29,4633,252,89.0
17.6,2.56,4633,252,88.0
16.9,1.84,4633,252,89.0
20.5,2.57,4633,252,89.0
20.1,3.04,4633,252,88.0
20.2,3.05,4633,252,88.0
19.8,3.05,4633,252,89.0
19.3,2.44,4633,252,89.0
18.2,2.88,4633,252,89.0
18.0,2.29,4633,252,89.0
18.0,2.74,4633,252,89.0
17.7,2.57,4633,252,90.0
20.9,3.03,4633,252,89.0
18.5,2.9,4628,252,89.0
19.2,1.89,4628,252,90.0
17.2,2.47,4633,252,89.0
16.2,2.29,4633,252,89.0
15.3,2.65,4633,252,89.0
14.0,1.85,4633,252,89.0
15.7,2.04,4633,252,89.0
33.9,2.88,4633,252,89.0
18.0,2.57,4633,252,88.0
19.2,2.45,4633,252,89.0
17.8,2.28,4633,252,88.0
18.0,2.27,4633,252,89.0
19.1,2.5,4633,252,89.0
17.9,2.58,4633,252,88.0
17.3,2.55,4633,252,89.0
18.7,2.47,4633,252,89.0
18.3,1.99,4633,252,89.0
17.3,1.85,4633,253,89.0
17.8,1.37,4633,253,89.0
18.5,1.84,4633,253,89.0
17.4,2.65,4633,253,89.0
19.5,2.61,4633,253,89.0
18.7,2.57,4633,253,89.0
19.2,1.94,4633,253,89.0
20.2,2.56,4633,253,89.0
20.3,2.58,4633,253,89.0
19.9,2.47,4633,253,88.0
19.0,2.07,4633,253,90.0
19.2,3.04,4633,253,89.0
20.7,1.97,4633,253,89.0
20.3,2.74,4633,253,89.0
22.7,2.46,4633,253,89.0
23.8,2.56,4633,253,89.0
20.1,2.36,4633,253,89.0
20.6,2.49,4633,253,89.0
18.0,2.52,4633,253,90.0
18.2,2.33,4633,253,89.0
20.0,2.57,4633,253,89.0
20.0,2.49,4633,253,89.0
18.8,2.88,4633,253,90.0
15.2,3.05,4633,253,89.0
14.9,2.56,4633,253,90.0
16.8,2.89,4633,253,91.0
15.2,2.24,4633,253,89.0
16.8,2.47,4633,253,89.0
17.3,2.18,4628,253,88.0
17.0,2.52,4628,253,89.0
18.8,2.65,4628,253,89.0
19.4,2.46,4628,253,89.0
16.4,1.92,4633,253,89.0
15.8,2.63,4633,252,89.0
16.2,1.91,4633,252,89.0
17.1,1.71,4633,252,89.0
16.7,1.86,4633,252,89.0
15.1,2.45,4633,252,89.0
17.5,1.72,4633,252,89.0
16.3,1.68,4633,252,89.0
16.3,1.77,4633,252,90.0
17.9,2.31,4633,252,89.0
20.8,1.83,4633,252,89.0
17.4,1.93,4633,252,89.0
17.9,1.72,4633,252,90.0
17.1,1.74,4633,252,89.0
17.6,2.0,4633,252,90.0
18.0,2.55,4633,252,90.0
19.0,2.73,4633,252,90.0
18.5,2.46,4633,252,89.0
17.8,2.41,4633,252,90.0
20.2,2.57,4633,252,90.0
18.5,2.56,4633,252,89.0
18.7,2.46,4633,252,89.0
18.9,3.04,4633,252,90.0
18.3,2.88,4633,253,89.0
18.6,2.55,4633,253,89.0
19.1,2.18,4633,253,89.0
18.0,2.65,4633,253,89.0
19.1,2.47,4633,253,90.0
21.3,2.9,4633,253,90.0
17.9,2.86,4633,253,89.0
19.2,2.53,4633,253,89.0
21.5,2.05,4633,253,89.0
21.5,2.58,4633,253,88.0
20.8,2.4,4633,253,84.0
19.2,2.42,4633,253,82.0
16.9,2.6,4633,253,82.0
45.0,2.83,4633,250,84.0
15.6,2.12,4637,250,82.0
30.2,2.74,4637,250,85.0
44.3,1.35,4637,250,80.0
12.1,1.34,4637,250,79.0
21.2,1.4,4633,250,79.0
12.1,2.13,4633,250,80.0
25.8,2.28,4633,250,78.0
25.0,1.4,4633,250,76.0
13.4,1.2,4633,250,76.0
13.3,0.87,4633,250,75.0
8.3,0.8,4633,249,74.0
25.1,2.44,4633,250,79.0
48.7,2.75,4633,254,81.0
81.8,3.06,4633,257,82.0
51.6,1.36,4628,254,76.0
22.6,1.8,4628,252,75.0
16.5,1.33,4628,253,74.0
14.8,1.02,4628,253,74.0
11.8,0.83,4628,253,72.0
14.6,0.81,4633,253,72.0
6.7,1.55,4633,254,73.0
26.0,1.92,4633,254,72.0
16.9,0.87,4628,254,72.0
11.6,1.14,4623,254,71.0
19.1,1.4,4623,254,70.0
11.8,1.47,4623,254,72.0
7.6,0.8,4614,254,70.0
3.6,0.8,4562,254,69.0
4.1,0.8,4494,254,69.0
3.8,0.8,4299,254,69.0
6.3,0.8,4164,254,69.0
2.3,0.8,4121,254,69.0
29.4,2.14,4065,254,69.0
17.3,2.06,4038,254,69.0
12.5,1.59,4038,254,69.0
11.4,1.73,4038,254,69.0
9.8,1.78,4038,254,69.0
7.7,1.42,4024,254,69.0
9.1,1.44,4038,254,68.0
10.8,1.47,4034,254,68.0
14.8,1.01,4034,254,67.0
8.2,0.92,4031,254,68.0
9.8,1.75,4031,254,68.0
8.9,0.97,4034,254,67.0
9.8,1.41,4031,254,67.0
8.4,1.08,4031,254,68.0
12.2,1.56,4031,254,69.0
8.5,1.07,4031,254,68.0
9.5,0.93,4027,254,66.0
7.7,1.1,4024,254,66.0
8.5,1.42,4024,254,67.0
8.9,1.2,4024,254,68.0
8.1,1.47,4024,254,68.0
7.9,1.45,4024,254,67.0
9.9,1.43,4024,254,67.0
8.9,1.48,4024,254,67.0
9.3,1.52,4027,254,66.0
8.2,1.55,4031,254,65.0
9.6,1.55,4031,254,64.0
10.9,1.58,4027,254,67.0
8.6,1.59,4031,254,68.0
9.6,2.08,4031,254,65.0
7.2,1.63,4027,254,65.0
8.9,1.62,4024,254,65.0
9.4,1.54,4024,254,65.0
8.7,2.07,4024,254,65.0
8.2,1.78,4024,254,65.0
8.5,0.94,4024,254,64.0
9.2,1.59,4024,254,64.0
9.8,1.49,4024,254,64.0
8.9,1.47,4024,254,65.0
9.0,1.44,4024,254,64.0
9.9,1.42,4024,254,64.0
8.9,1.48,4024,254,63.0
10.4,0.98,4024,254,63.0
8.7,1.48,4024,254,62.0
8.0,1.09,4024,254,63.0
8.4,1.71,4024,254,64.0
8.2,0.98,4024,254,63.0
9.7,1.06,4024,254,63.0
8.2,2.02,4024,254,63.0
8.0,1.57,4024,254,64.0
9.0,1.6,4024,254,63.0
9.9,2.05,4024,254,64.0
8.2,1.46,4024,254,62.0
8.7,1.43,4024,254,62.0
8.9,1.06,4024,254,63.0
9.2,1.45,4024,254,63.0
8.5,1.45,4024,254,62.0
8.3,1.52,4024,254,62.0
8.5,1.46,4024,254,63.0
8.5,0.97,4024,254,63.0
8.4,2.11,4024,254,62.0
9.5,1.75,4024,254,63.0
9.7,1.47,4020,254,62.0
10.5,1.67,4024,254,62.0
10.2,1.44,4020,254,62.0
22.1,2.7,4020,254,63.0
9.9,2.28,4017,254,63.0
11.2,1.21,4017,254,62.0
9.9,1.09,4020,254,62.0
8.4,1.43,4017,254,61.0
9.6,1.56,4020,254,62.0
8.5,1.48,4020,254,61.0
8.4,1.47,4020,254,61.0
8.6,0.9,4017,254,61.0
8.8,1.55,4014,254,62.0
7.7,1.7,4017,254,62.0
9.6,1.49,4017,254,61.0
8.9,1.57,4017,254,61.0
9.8,2.17,4017,254,62.0
9.1,1.61,4017,254,61.0
9.6,1.46,4017,254,61.0
9.6,1.64,4014,254,61.0
8.4,1.61,4010,254,62.0
7.7,1.57,4010,254,61.0
10.2,1.42,4010,254,61.0
11.6,1.5,4010,254,61.0
11.4,1.43,4010,254,60.0
7.4,1.4,4010,254,60.0
4.1,1.4,4010,254,59.0
4.1,1.44,4010,254,60.0
5.5,2.05,4010,254,60.0
4.6,1.49,4010,254,59.0
5.3,1.4,4013,254,60.0
4.3,0.83,4010,254,59.0
4.0,1.4,4010,254,59.0
5.8,0.8,4013,254,59.0
3.8,0.8,4013,254,59.0
8.5,0.8,4013,254,59.0
3.6,0.8,4013,254,59.0
4.8,0.81,4013,254,59.0
3.3,0.81,4013,254,59.0
6.2,0.8,4010,254,61.0
3.6,0.85,4013,254,60.0
4.5,0.89,4013,254,60.0
4.1,0.85,4010,254,60.0
5.8,0.87,4010,254,61.0
4.3,0.85,4010,254,59.0
5.3,0.87,4010,254,60.0
4.0,0.91,4010,254,59.0
6.1,0.87,4010,254,59.0
4.8,1.4,4010,254,58.0
10.4,1.44,4010,254,59.0
8.9,2.06,4010,254,58.0
7.0,1.57,4010,254,57.0
8.1,0.99,4010,254,59.0
10.9,0.91,4010,254,58.0
7.0,1.64,4010,254,58.0
7.4,1.51,4010,254,57.0
8.3,1.75,4010,254,58.0
7.7,0.98,4010,254,58.0
8.7,1.45,4010,254,58.0
6.9,1.41,4010,254,58.0
7.7,1.41,4010,254,58.0
8.7,0.92,4006,254,58.0
12.6,2.06,4003,254,60.0
9.7,1.54,4000,254,58.0
9.6,2.19,4024,254,58.0
8.2,2.12,4024,254,58.0
8.2,1.42,4024,254,58.0
9.8,2.07,4024,254,57.0
7.7,2.08,4038,254,57.0
37.8,1.83,4024,254,58.0
8.7,1.54,3970,254,58.0
9.4,1.07,3855,254,57.0
11.9,1.5,3654,254,58.0
9.9,1.45,3525,254,58.0
8.8,1.45,3505,254,59.0
8.9,1.63,3505,254,57.0
8.0,1.48,3505,254,58.0
8.4,1.01,3494,254,58.0
7.7,1.43,3505,254,57.0
9.0,1.53,3505,254,58.0
8.0,1.41,3505,254,58.0
9.6,1.45,3505,254,57.0
10.2,1.65,3502,254,57.0
8.9,1.48,3505,254,58.0
9.8,1.51,3502,254,57.0
8.1,0.8,3502,254,58.0
7.7,2.03,3499,254,59.0
7.4,2.22,3525,254,59.0
10.3,1.75,3525,254,58.0
7.9,2.12,3525,254,57.0
8.7,1.44,3525,254,57.0
8.4,1.59,3525,254,58.0
10.8,1.62,3525,254,57.0
8.7,1.08,3525,254,57.0
9.8,1.28,3525,254,58.0
7.4,1.55,3525,254,58.0
9.1,1.46,3525,254,57.0
9.3,1.58,3525,254,58.0
10.8,2.05,3525,254,58.0
9.1,1.6,3525,254,57.0
8.4,1.61,3525,254,58.0
10.4,1.58,3525,254,58.0
8.9,1.61,3525,254,57.0
9.6,2.14,3522,254,58.0
8.6,1.82,3522,254,57.0
8.9,1.65,3520,254,57.0
9.2,1.56,3520,254,57.0
8.6,1.44,3517,254,57.0
9.4,0.98,3517,254,57.0
10.1,1.41,3517,254,57.0
8.2,1.47,3517,254,57.0
11.1,2.11,3517,254,57.0
10.1,1.89,3515,254,57.0
10.6,1.57,3515,254,58.0
8.7,1.6,3515,254,57.0
10.1,1.58,3515,254,58.0
8.9,2.11,3515,254,58.0
8.4,2.02,3515,254,57.0
9.6,2.1,3515,254,58.0
10.4,2.03,3515,254,57.0
8.9,1.45,3515,254,57.0
9.7,1.45,3515,254,57.0
9.3,1.5,3515,254,57.0
10.1,1.45,3515,254,57.0
9.3,1.51,3515,254,58.0
9.2,1.49,3515,254,58.0
6.5,2.1,3515,254,58.0
9.2,1.05,3515,254,57.0
8.1,2.06,3515,254,57.0
10.6,1.49,3515,253,57.0
10.2,1.49,3512,253,57.0
8.7,1.41,3512,253,57.0
7.4,0.93,3510,253,57.0
8.4,1.04,3507,253,57.0
7.5,1.05,3505,253,57.0
9.2,0.94,3505,253,57.0
8.5,1.03,3507,253,57.0
9.2,1.42,3507,253,56.0
9.9,1.42,3510,253,57.0
9.0,1.01,3510,253,56.0
8.5,0.96,3510,253,57.0
7.7,0.95,3510,253,57.0
10.1,0.93,3510,253,57.0
9.6,1.21,3510,253,57.0
8.4,0.99,3510,253,56.0
9.4,1.22,3510,253,57.0
9.4,1.5,3510,253,57.0
9.0,1.5,3510,253,58.0
8.9,1.59,3510,253,57.0
22.3,2.1,3507,253,56.0
12.8,1.84,3505,253,57.0
9.2,1.58,3505,253,56.0
8.2,2.13,3505,253,56.0
8.9,1.55,3507,253,56.0
8.9,1.46,3505,253,56.0
8.1,1.43,3505,253,57.0
9.9,1.48,3507,253,55.0
8.7,1.47,3507,253,57.0
8.6,1.73,3507,253,60.0
10.4,1.72,3505,253,59.0
8.5,1.76,3505,253,58.0
9.4,1.53,3505,253,57.0
8.0,1.63,3505,253,58.0
9.9,1.66,3505,253,58.0
9.4,1.53,3505,253,57.0
8.7,2.09,3505,253,56.0
7.7,1.1,3505,253,56.0
8.4,1.43,3505,253,56.0
10.4,1.07,3505,253,56.0
9.9,1.58,3505,253,56.0
9.6,1.45,3505,253,57.0
16.2,1.43,3505,253,56.0
8.2,1.41,3505,253,56.0
8.2,1.01,3505,253,56.0
10.9,0.99,3505,253,56.0
8.4,1.1,3505,253,56.0
8.4,1.06,3505,253,57.0
9.4,0.94,3505,253,56.0
10.2,0.97,3505,253,55.0
10.2,0.99,3505,253,56.0
9.4,0.93,3505,253,56.0
7.7,1.51,3505,253,57.0
8.2,1.48,3505,253,56.0
9.7,2.07,3505,252,56.0
8.6,2.07,3505,252,56.0
8.4,1.74,3505,252,56.0
8.1,1.58,3505,252,56.0
9.2,1.05,3505,252,55.0
9.9,0.9,3505,252,56.0
10.2,1.44,3505,252,56.0
8.7,1.42,3505,252,56.0
9.9,1.49,3505,252,55.0
7.9,0.93,3505,252,56.0
9.4,0.97,3505,252,56.0
9.1,1.44,3505,252,55.0
9.2,1.67,3505,252,56.0
9.9,1.64,3505,252,57.0
11.5,1.56,3505,252,57.0
10.0,2.09,3505,252,55.0
9.4,1.44,3505,252,55.0
7.5,1.5,3505,252,55.0
7.9,1.47,3502,252,56.0
9.2,1.49,3499,252,55.0
9.1,1.43,3515,252,56.0
9.1,1.05,3525,252,56.0
8.9,1.43,3525,252,56.0
8.4,1.13,3525,252,55.0
8.9,0.96,3515,252,56.0
10.7,1.42,3522,252,55.0
10.1,2.07,3522,252,55.0
9.1,2.03,3520,252,55.0
8.7,1.5,3520,252,55.0
8.2,1.55,3520,252,55.0
9.2,1.46,3522,252,54.0
7.7,1.7,3520,252,54.0
7.7,1.13,3520,252,54.0
9.1,1.52,3520,252,57.0
8.4,1.43,3517,252,55.0
8.7,2.09,3517,252,55.0
8.9,1.47,3515,252,55.0
8.2,1.46,3515,248,55.0
22.1,2.07,3515,248,55.0
7.9,2.06,3515,248,55.0
9.1,1.57,3515,248,55.0
9.9,1.84,3515,248,56.0
9.2,1.75,3517,248,55.0
9.5,1.43,3520,248,55.0
9.5,1.4,3522,248,55.0
9.2,1.48,3522,248,55.0
9.1,1.63,3525,248,54.0
9.4,1.46,3522,248,55.0
8.7,1.08,3520,248,54.0
8.5,1.15,3517,248,55.0
9.4,1.44,3515,248,54.0
9.1,1.51,3515,248,54.0
8.4,1.01,3515,248,55.0
8.7,1.03,3517,248,55.0
10.4,0.93,3520,248,55.0
9.2,1.43,3520,248,56.0
7.5,2.03,3520,248,54.0
8.9,2.04,3520,248,54.0
10.2,1.18,3517,248,55.0
8.2,2.11,3515,248,55.0
7.9,1.42,3515,248,54.0
7.7,1.46,3515,248,54.0
7.9,2.05,3515,248,55.0
8.7,1.41,3515,248,55.0
9.7,1.42,3515,248,54.0
7.7,1.45,3515,248,54.0
9.2,1.46,3515,248,55.0
7.2,1.04,3515,248,55.0
8.0,1.51,3515,248,54.0
8.7,2.11,3515,248,55.0
8.4,1.52,3515,248,56.0
8.0,1.56,3515,248,55.0
7.9,1.62,3515,248,55.0
8.5,2.51,3515,248,55.0
26.5,1.46,3515,248,56.0
15.9,2.01,3512,248,56.0
14.8,1.51,3512,248,55.0
15.3,2.1,3512,248,55.0
16.5,1.49,3512,248,57.0
16.2,1.46,3512,248,55.0
9.4,1.7,3515,248,57.0
10.1,0.83,3515,248,55.0
8.7,1.54,3515,248,55.0
9.7,1.48,3515,248,55.0
8.4,1.46,3515,248,55.0
8.4,1.46,3515,248,56.0
10.3,1.52,3515,248,56.0
8.7,1.57,3515,248,56.0
8.7,1.46,3515,248,56.0
8.2,1.46,3515,248,56.0
9.8,2.07,3515,248,55.0
6.9,1.33,3515,248,56.0
8.7,2.08,3515,248,56.0
10.2,1.74,3515,248,56.0
9.2,1.19,3515,248,56.0
10.1,1.24,3515,248,56.0
8.4,1.52,3515,248,56.0
10.3,1.69,3515,248,56.0
10.5,1.61,3515,248,56.0
8.1,1.62,3515,248,57.0
8.3,0.98,3515,248,55.0
9.3,1.46,3515,249,55.0
8.6,1.42,3515,249,55.0
9.4,1.2,3515,249,55.0
8.9,0.96,3512,249,54.0
8.4,1.5,3515,249,55.0
22.0,1.42,3515,249,56.0
9.5,1.73,3515,249,56.0
8.9,1.07,3515,249,55.0
8.4,1.55,3515,249,56.0
10.2,0.93,3515,249,55.0
9.4,1.01,3515,249,56.0
10.9,1.57,3515,249,55.0
9.2,1.49,3512,249,57.0
8.7,1.52,3512,249,54.0
9.6,1.55,3512,249,55.0
9.6,1.59,3515,249,56.0
7.0,1.57,3515,249,56.0
10.0,1.47,3515,249,55.0
8.9,1.53,3515,249,54.0
9.4,1.41,3515,249,54.0
9.1,1.43,3515,249,54.0
9.6,1.49,3515,249,55.0
9.2,2.07,3515,249,54.0
10.3,1.42,3515,249,53.0
8.9,1.44,3515,249,55.0
10.1,1.09,3512,249,54.0
10.9,1.08,3510,249,54.0
8.7,0.97,3510,249,54.0
10.9,2.09,3510,249,55.0
7.7,1.63,3510,249,55.0
23.6,2.16,3507,249,61.0
20.2,1.72,3507,249,56.0
14.5,2.08,3510,249,55.0
16.5,1.43,3507,249,55.0
16.4,1.42,3507,249,55.0
15.3,1.04,3507,249,55.0
10.5,1.43,3510,249,54.0
8.5,1.42,3512,249,54.0
9.4,1.41,3510,249,55.0
8.9,1.4,3512,249,55.0
9.9,2.52,3515,249,56.0
9.1,1.52,3515,249,55.0
9.9,1.48,3515,249,56.0
7.7,1.78,3512,249,55.0
9.4,2.14,3515,249,54.0
9.6,1.59,3515,249,55.0
8.7,1.47,3512,249,54.0
8.7,1.63,3510,249,54.0
8.9,1.42,3510,249,54.0
9.1,1.46,3510,249,54.0
10.2,1.45,3510,249,54.0
8.2,1.43,3510,249,54.0
7.5,1.42,3510,249,55.0
8.4,1.43,3510,249,55.0
8.6,1.18,3510,249,55.0
7.4,1.49,3512,249,54.0
6.9,1.61,3510,249,55.0
9.3,1.61,3507,249,54.0
9.3,1.56,3507,249,55.0
9.6,2.05,3507,249,55.0
8.5,1.56,3505,249,55.0
8.9,1.0,3505,249,54.0
8.9,2.09,3505,249,55.0
8.7,1.19,3507,249,53.0
21.3,2.02,3507,249,54.0
6.5,1.49,3507,249,54.0
9.2,1.41,3507,249,53.0
9.2,1.49,3510,249,54.0
9.1,1.6,3507,249,54.0
8.2,2.03,3507,249,55.0
10.0,2.08,3510,249,54.0
8.4,1.74,3512,249,54.0
9.2,1.54,3512,249,54.0
7.9,2.02,3510,249,54.0
8.4,1.46,3510,249,53.0
8.2,1.42,3507,249,54.0
9.1,1.02,3505,249,54.0
8.2,1.1,3505,249,54.0
6.5,1.43,3505,249,54.0
10.2,1.43,3505,249,54.0
9.1,2.13,3505,249,54.0
10.8,2.04,3505,249,54.0
8.1,1.42,3505,249,54.0
8.5,2.05,3505,249,53.0
12.7,1.5,3505,249,53.0
8.4,1.15,3505,249,54.0
7.9,1.44,3505,249,53.0
7.2,1.38,3505,249,55.0
9.8,1.42,3505,249,53.0
7.1,0.84,3505,249,54.0
4.3,1.63,3505,249,53.0
4.8,1.64,3505,249,54.0
5.5,2.01,3505,249,53.0
4.8,1.54,3505,249,53.0
3.5,0.97,3505,249,53.0
11.2,1.46,3505,250,53.0
9.6,1.51,3505,250,55.0
9.3,1.63,3505,250,55.0
9.4,1.63,3505,250,55.0
10.6,1.25,3505,250,55.0
9.1,0.99,3505,250,54.0
9.6,0.95,3502,250,53.0
9.4,1.51,3502,250,53.0
9.8,0.96,3502,250,53.0
9.8,1.16,3502,250,54.0
7.9,1.44,3505,250,54.0
9.4,1.46,3505,250,53.0
8.9,1.48,3505,250,53.0
9.9,1.41,3505,250,53.0
8.4,1.46,3505,250,53.0
9.6,1.67,3505,250,54.0
8.6,2.05,3505,250,53.0
9.7,1.48,3505,250,53.0
8.9,1.49,3505,250,53.0
8.7,1.61,3505,250,54.0
9.6,1.59,3502,250,54.0
7.7,0.92,3502,250,53.0
8.4,1.54,3505,250,54.0
9.2,1.48,3505,250,53.0
9.1,1.47,3505,250,53.0
8.6,2.06,3505,250,53.0
7.7,1.44,3505,250,53.0
8.7,1.44,3505,250,53.0
7.7,1.43,3505,250,53.0
9.4,1.45,3505,250,53.0
7.7,2.06,3505,250,53.0
7.7,2.07,3505,250,53.0
8.9,2.05,3505,250,53.0
10.1,2.05,3505,250,53.0
22.9,2.06,3505,250,53.0
8.2,1.61,3505,250,55.0
8.9,1.54,3505,250,53.0
10.4,1.45,3505,250,53.0
8.4,1.44,3502,250,53.0
7.2,1.42,3499,250,53.0
8.1,1.51,3525,250,53.0
9.4,1.17,3525,250,54.0
9.7,1.55,3525,250,54.0
8.1,1.61,3525,250,53.0
9.4,1.42,3525,250,54.0
8.6,1.56,3525,250,53.0
8.9,2.09,3525,250,53.0
13.5,3.13,3525,250,56.0
26.5,2.04,3525,250,54.0
8.5,1.44,3525,250,53.0
8.4,2.09,3525,250,53.0
9.1,2.33,3525,250,54.0
9.2,1.5,3525,250,54.0
7.5,1.45,3525,250,53.0
9.3,1.48,3525,250,53.0
8.7,1.41,3525,250,53.0
8.2,1.43,3525,250,53.0
6.7,1.51,3525,250,54.0
8.4,1.57,3525,250,55.0
8.6,1.56,3525,250,54.0
8.9,1.61,3525,250,54.0
7.7,2.15,3525,250,53.0
9.7,0.84,3525,250,54.0
9.4,2.05,3525,250,53.0
10.1,1.42,3525,250,53.0
8.6,1.0,3525,250,53.0
7.5,0.93,3525,250,54.0
7.2,1.05,3525,250,54.0
9.8,0.94,3525,250,53.0
8.6,1.52,3525,250,54.0
8.5,1.52,3525,250,53.0
8.4,1.61,3525,250,54.0
10.1,1.44,3525,250,53.0
8.3,1.65,3525,250,54.0
8.9,2.04,3525,250,54.0
8.9,1.6,3525,250,54.0
8.4,1.13,3525,250,54.0
9.4,1.49,3525,250,55.0
9.3,0.96,3525,250,55.0
8.2,1.32,3525,250,53.0
9.8,1.5,3522,250,54.0
11.1,1.52,3525,250,54.0
10.3,1.97,3525,250,53.0
9.1,1.12,3525,250,53.0
12.8,2.03,3522,250,54.0
9.4,1.03,3522,250,53.0
9.3,1.44,3522,250,53.0
9.6,0.97,3522,250,53.0
8.4,1.5,3520,250,54.0
8.7,0.96,3520,250,53.0
10.3,1.42,3522,250,53.0
9.9,1.01,3522,250,53.0
8.9,0.94,3525,250,53.0
8.9,1.08,3525,250,53.0
22.1,0.99,3525,250,53.0
9.3,1.58,3525,250,53.0
7.9,1.41,3522,250,53.0
9.8,1.41,3522,250,53.0
7.9,1.23,3520,250,53.0
9.8,1.57,3520,250,54.0
8.6,2.06,3522,250,53.0
9.9,1.25,3522,250,53.0
8.6,1.44,3522,250,53.0
10.1,2.06,3522,250,53.0
8.3,1.42,3525,250,53.0
9.4,1.32,3525,250,55.0
30.7,1.84,3522,250,56.0
9.6,1.71,3520,250,53.0
8.7,0.98,3522,250,53.0
10.3,1.6,3522,250,55.0
9.0,1.24,3522,250,54.0
8.9,0.9,3522,250,53.0
9.3,1.46,3525,250,53.0
8.7,0.8,3525,250,53.0
8.4,0.97,3525,250,53.0
8.9,1.11,3525,250,53.0
9.8,1.56,3525,250,53.0
8.6,1.52,3525,250,53.0
7.9,2.08,3525,250,53.0
7.6,2.18,3525,250,53.0
11.7,1.48,3522,250,53.0
9.4,1.4,3520,250,53.0
9.6,1.41,3520,250,53.0
6.9,1.54,3520,250,53.0
7.7,1.44,3520,250,53.0
8.4,0.96,3522,250,53.0
9.0,1.58,3525,250,53.0
6.9,1.57,3525,250,53.0
8.0,1.44,3522,250,53.0
8.6,1.55,3522,250,54.0
10.6,1.44,3522,250,54.0
8.4,1.47,3520,250,54.0
7.5,1.72,3517,250,54.0
9.6,1.51,3517,250,55.0
8.4,2.08,3520,250,54.0
8.7,1.56,3520,250,54.0
9.1,1.69,3520,250,54.0
7.7,1.6,3520,250,53.0
7.4,1.1,3522,250,53.0
9.6,1.12,3522,250,54.0
10.2,1.65,3520,250,53.0
8.2,1.69,3517,250,53.0
7.4,0.9,3515,250,53.0
9.3,1.53,3517,250,53.0
9.2,1.54,3515,250,53.0
7.9,1.54,3515,250,54.0
8.4,1.47,3515,250,54.0
9.4,1.43,3517,250,53.0
9.9,1.49,3517,250,53.0
8.0,1.66,3517,250,53.0
8.9,1.45,3520,250,53.0
8.4,1.11,3522,250,54.0
8.4,1.57,3525,250,53.0
9.1,2.1,3525,250,53.0
7.9,2.04,3525,250,53.0
8.7,1.46,3525,250,53.0
21.5,0.93,3522,250,53.0
8.4,1.54,3522,250,52.0
9.2,1.19,3520,250,53.0
8.1,1.4,3520,250,54.0
8.7,1.46,3520,250,53.0
10.1,1.45,3517,250,53.0
8.2,1.48,3517,250,54.0
8.7,1.58,3515,250,52.0
25.0,2.54,3515,250,60.0
17.0,2.46,3515,250,54.0
8.6,2.03,3515,250,53.0
8.9,1.56,3515,250,53.0
8.5,2.07,3515,250,53.0
11.1,1.45,3517,250,53.0
27.5,2.14,3517,250,58.0
20.6,2.07,3517,250,54.0
15.8,0.88,3517,250,53.0
17.2,1.55,3520,250,55.0
15.0,1.71,3517,250,54.0
14.8,1.51,3517,250,55.0
17.6,2.04,3517,250,57.0
10.3,0.93,3520,250,53.0
9.4,1.63,3520,250,53.0
9.3,1.49,3517,250,53.0
9.0,1.43,3520,250,54.0
10.3,1.47,3520,250,54.0
9.2,1.43,3520,250,54.0
9.8,0.84,3517,250,55.0
8.9,1.42,3517,250,54.0
8.6,1.53,3520,250,55.0
8.9,1.0,3520,250,53.0
9.8,1.0,3520,250,53.0
9.7,1.08,3520,250,53.0
8.6,1.45,3522,250,54.0
7.7,1.14,3525,250,53.0
9.9,2.04,3522,250,53.0
8.2,2.1,3520,250,53.0
8.7,1.43,3520,250,53.0
9.8,1.62,3520,250,53.0
9.3,1.45,3520,250,53.0
8.7,0.96,3517,250,52.0
7.9,1.62,3517,250,53.0
11.6,1.47,3520,250,53.0
8.7,0.98,3517,250,53.0
8.7,1.49,3517,250,53.0
7.4,1.51,3515,250,52.0
8.4,1.06,3515,250,53.0
9.2,1.0,3515,250,52.0
9.1,1.5,3515,250,52.0
9.1,1.59,3517,250,53.0
9.7,2.02,3520,250,53.0
8.4,2.53,3520,250,54.0
23.5,2.05,3520,250,54.0
8.4,2.07,3522,250,52.0
8.7,1.47,3520,250,53.0
7.5,2.23,3517,250,53.0
9.2,1.79,3515,250,52.0
7.2,1.46,3515,250,53.0
10.1,1.45,3515,250,53.0
7.6,1.5,3515,250,53.0
8.2,0.92,3517,250,53.0
9.9,1.53,3520,250,53.0
7.9,1.16,3520,250,54.0
8.9,1.44,3520,250,55.0
10.9,0.92,3517,250,53.0
9.1,1.68,3515,250,53.0
19.7,1.45,3515,250,55.0
7.7,1.62,3515,250,53.0
8.1,1.34,3515,250,53.0
9.4,1.11,3515,250,53.0
9.6,1.54,3515,250,53.0
9.4,1.48,3515,250,53.0
8.1,1.46,3515,250,53.0
9.4,1.51,3515,250,53.0
10.1,1.43,3515,250,52.0
8.7,1.45,3515,250,53.0
8.9,1.05,3515,250,52.0
8.4,1.47,3515,250,53.0
9.6,1.46,3517,250,53.0
9.6,1.45,3517,250,53.0
9.6,1.56,3517,250,53.0
9.7,1.57,3517,250,53.0
7.0,1.63,3515,250,54.0
9.1,1.47,3515,250,54.0
9.8,1.46,3515,250,54.0
8.4,1.58,3515,250,54.0
7.7,1.67,3515,250,53.0
7.9,1.52,3515,250,53.0
9.1,1.54,3515,250,54.0
7.7,1.72,3515,250,54.0
9.0,2.13,3515,250,54.0
7.9,1.55,3515,250,54.0
7.4,1.66,3515,250,54.0
7.7,1.6,3515,250,53.0
8.9,1.55,3515,250,53.0
8.2,1.17,3515,250,53.0
9.2,1.6,3515,250,53.0
9.4,1.62,3515,250,53.0
7.7,1.54,3515,250,53.0
9.1,2.04,3515,250,53.0
10.1,0.89,3515,250,53.0
9.6,1.42,3515,250,53.0
8.7,1.6,3515,250,54.0
7.4,1.65,3515,250,54.0
8.8,1.62,3515,250,54.0
9.4,0.96,3515,250,53.0
9.5,0.93,3515,250,53.0
9.2,1.04,3515,250,53.0
10.0,1.46,3515,250,53.0
11.0,1.48,3515,250,53.0
11.6,1.07,3515,251,54.0
9.1,0.88,3515,251,53.0
8.4,0.93,3515,251,53.0
22.2,1.79,3512,251,52.0
10.2,1.43,3512,251,53.0
10.1,1.03,3512,251,53.0
8.6,1.15,3512,251,55.0
10.4,1.48,3512,251,53.0
10.0,1.61,3512,251,54.0
10.1,1.74,3515,251,54.0
8.5,1.25,3515,251,53.0
8.9,2.14,3515,251,53.0
10.8,1.18,3515,251,53.0
11.5,1.71,3515,251,53.0
9.6,2.04,3515,251,54.0
25.2,1.92,3515,251,54.0
11.5,1.47,3515,251,54.0
10.2,1.43,3512,251,53.0
9.1,1.43,3512,251,53.0
9.5,1.54,3512,251,53.0
9.3,1.06,3512,251,53.0
8.2,1.1,3515,251,53.0
9.1,1.47,3515,251,53.0
7.4,1.67,3515,251,53.0
8.4,1.48,3515,251,53.0
9.6,1.5,3515,251,54.0
9.6,1.49,3515,251,54.0
8.1,1.5,3515,251,53.0
8.6,1.15,3515,251,54.0
9.6,2.06,3515,251,53.0
9.1,1.51,3515,251,52.0
8.6,1.63,3515,251,54.0
8.2,1.56,3515,251,55.0
7.2,1.27,3515,251,54.0
9.6,0.88,3515,251,54.0
9.8,1.7,3515,251,54.0
8.7,1.69,3515,250,54.0
9.4,0.98,3515,250,53.0
8.7,1.48,3515,250,53.0
9.4,0.99,3515,250,53.0
8.2,1.65,3515,250,54.0
7.5,1.2,3515,250,54.0
9.6,0.98,3515,250,52.0
7.9,1.5,3512,250,52.0
10.1,1.44,3510,250,53.0
8.5,1.1,3510,250,53.0
9.4,1.45,3510,250,53.0
8.4,1.53,3510,250,53.0
9.5,1.6,3510,250,54.0
8.9,1.65,3512,250,54.0
8.9,2.12,3515,250,52.0
9.6,1.45,3515,250,52.0
8.5,1.49,3515,250,53.0
8.7,1.65,3515,250,53.0
7.9,1.71,3515,250,54.0
8.4,1.65,3515,250,54.0
8.2,1.6,3515,250,53.0
8.9,1.58,3515,250,52.0
9.5,1.0,3515,250,52.0
8.9,1.31,3515,250,53.0
10.0,2.12,3515,250,53.0
8.4,1.46,3515,250,53.0
9.2,1.11,3515,250,52.0
20.6,1.68,3515,250,53.0
8.6,1.44,3512,250,53.0
9.1,1.43,3512,250,53.0
9.4,1.53,3515,250,53.0
8.7,1.44,3515,250,53.0
12.1,1.71,3515,250,53.0
9.3,2.1,3515,250,53.0
9.7,1.58,3515,250,52.0
13.3,1.49,3515,250,53.0
8.3,1.44,3515,250,53.0
27.7,2.54,3515,250,56.0
10.6,1.32,3515,250,54.0
11.5,1.47,3515,250,53.0
10.2,1.51,3515,250,53.0
12.7,0.99,3515,250,52.0
33.5,2.08,3515,252,53.0
13.7,1.22,3512,252,53.0
13.4,1.51,3512,252,53.0
16.1,1.51,3512,252,53.0
31.5,2.54,3510,251,57.0
35.2,2.99,3510,251,59.0
32.9,2.92,3510,257,57.0
31.8,2.52,3510,253,58.0
35.3,2.56,3507,253,58.0
39.6,2.47,3505,250,62.0
36.2,2.55,3505,250,62.0
36.2,2.54,3505,250,63.0
56.4,3.04,3505,252,62.0
39.7,2.59,3505,252,62.0
67.6,3.0,3505,252,63.0
70.5,2.99,3505,252,64.0
64.3,3.01,3505,252,65.0
43.5,3.05,3505,252,63.0
30.2,2.77,3505,252,64.0
35.1,2.88,3505,252,62.0
29.3,2.26,3505,252,62.0
26.0,2.96,3507,253,63.0
35.8,2.95,3507,253,64.0
31.4,2.51,3507,253,63.0
33.3,3.05,3510,253,64.0
28.9,2.36,3510,253,64.0
30.5,2.42,3512,253,64.0
41.4,3.07,3512,256,66.0
38.2,2.46,3515,256,63.0
34.7,2.59,3515,256,65.0
20.3,1.41,3515,256,60.0
15.3,1.08,3515,256,60.0
6.8,1.4,3517,256,59.0
11.6,2.15,3520,256,58.0
20.1,1.8,3522,253,60.0
16.8,1.09,3525,253,59.0
8.3,1.4,3525,253,59.0
34.2,1.48,3525,253,59.0
16.2,2.58,3525,253,61.0
6.6,0.99,3525,254,58.0
7.8,1.73,3525,254,60.0
7.0,2.12,3525,253,58.0
11.7,0.86,3525,256,58.0
15.7,1.44,3525,255,57.0
10.3,1.4,3525,256,56.0
37.2,2.36,3525,258,60.0
64.9,3.01,3525,260,64.0
91.9,2.99,3522,263,65.0
69.6,2.54,3520,263,63.0
26.3,1.98,3517,263,62.0
21.0,0.98,3517,263,60.0
44.1,2.99,3517,264,64.0
63.2,2.01,3517,266,62.0
50.5,3.04,3520,267,65.0
76.9,2.77,3520,269,66.0
55.1,3.14,3520,267,65.0
57.0,2.53,3517,267,64.0
56.7,2.99,3515,268,68.0
77.3,2.99,3515,268,68.0
43.8,2.53,3515,268,65.0
32.7,2.78,3515,268,67.0
11.9,0.98,3517,268,60.0
20.1,1.44,3520,268,61.0
30.7,1.41,3525,268,63.0
13.1,1.01,3527,268,60.0
11.0,0.83,3530,268,60.0
22.2,0.86,3533,268,59.0
8.6,1.21,3536,268,60.0
39.6,2.62,3533,268,63.0
42.4,1.95,3530,268,62.0
29.4,0.84,3530,268,59.0
20.9,1.28,3527,268,59.0
16.9,0.81,3525,268,59.0
37.1,2.49,3525,268,64.0
70.7,2.84,3525,268,64.0
54.8,2.54,3522,268,66.0
51.8,3.09,3522,268,65.0
29.2,2.53,3522,268,61.0
9.7,2.23,3522,268,62.0
17.5,1.49,3525,268,60.0
5.5,1.4,3528,268,59.0
33.1,2.32,3533,268,63.0
30.4,1.52,3533,268,60.0
22.7,1.03,3536,268,60.0
20.2,1.0,3533,268,59.0
17.7,0.86,3533,268,58.0
13.2,0.93,3533,268,58.0
15.9,0.8,3533,267,58.0
14.4,1.86,3533,267,60.0
17.4,0.8,3536,267,57.0
11.9,0.8,3536,267,58.0
14.5,0.87,3536,267,57.0
38.8,2.26,3536,267,60.0
53.0,1.69,3536,267,58.0
52.4,2.8,3530,268,63.0
50.5,3.1,3528,268,63.0
31.7,3.0,3525,268,62.0
26.2,2.84,3525,268,61.0
30.3,2.64,3522,268,63.0
21.7,2.58,3525,268,61.0
18.8,2.96,3525,268,61.0
24.3,1.63,3525,268,61.0
23.9,1.86,3527,268,61.0
28.5,3.1,3525,268,64.0
22.0,1.61,3527,268,60.0
21.9,1.5,3527,268,60.0
22.4,2.64,3530,268,61.0
22.6,2.38,3533,268,61.0
13.6,1.58,3533,268,59.0
17.9,3.03,3533,268,61.0
14.9,2.2,3533,268,60.0
17.7,2.56,3536,268,61.0
18.6,1.62,3533,268,58.0
12.0,1.82,3533,268,60.0
11.1,0.93,3533,268,58.0
10.8,1.44,3536,268,58.0
14.5,2.0,3536,268,61.0
26.0,1.69,3536,268,59.0
19.6,1.3,3536,268,59.0
29.3,1.83,3536,268,59.0
13.5,2.21,3536,268,59.0
15.3,2.86,3536,268,59.0
18.7,1.58,3533,267,58.0
16.2,1.77,3533,267,59.0
10.9,2.12,3530,267,59.0
11.0,1.62,3533,267,58.0
16.5,2.04,3530,267,59.0
9.9,1.56,3530,267,58.0
14.9,2.06,3533,267,58.0
12.0,1.96,3533,267,57.0
13.6,0.97,3536,267,57.0
11.6,2.35,3536,267,58.0
14.5,2.52,3536,267,58.0
14.1,1.54,3536,267,59.0
11.6,2.18,3536,267,57.0
10.8,1.56,3536,267,56.0
14.0,1.49,3536,267,56.0
15.4,1.27,3536,267,56.0
12.8,1.92,3536,267,56.0
17.8,1.27,3536,267,55.0
12.1,2.09,3536,267,57.0
11.0,1.16,3536,267,57.0
13.2,1.71,3536,267,56.0
9.5,1.39,3536,267,56.0
9.8,1.55,3536,267,56.0
9.8,1.43,3536,267,56.0
16.3,2.38,3536,267,56.0
18.4,0.94,3536,267,57.0
28.5,2.71,3536,267,60.0
43.0,3.03,3533,267,63.0
15.1,1.67,3530,267,60.0
11.3,2.18,3527,266,56.0
12.9,2.1,3525,266,57.0
12.2,1.9,3527,265,56.0
13.2,2.46,3527,265,58.0
13.4,2.42,3527,265,59.0
17.1,1.79,3527,265,56.0
12.7,0.96,3530,265,56.0
8.7,1.06,3533,265,56.0
11.5,1.04,3533,265,55.0
11.6,1.69,3533,265,58.0
10.4,1.89,3533,265,56.0
8.7,2.55,3536,265,57.0
13.8,2.49,3536,265,58.0
14.4,2.14,3536,269,58.0
19.8,2.1,3536,269,58.0
9.9,0.83,3533,269,56.0
8.5,1.58,3533,269,56.0
20.3,3.1,3530,268,60.0
9.5,0.94,3527,268,55.0
9.3,2.17,3527,268,55.0
13.2,2.14,3527,268,57.0
13.5,1.64,3527,268,55.0
12.1,1.2,3527,268,55.0
14.0,1.46,3530,268,55.0
28.8,1.03,3533,268,56.0
16.1,1.69,3530,268,57.0
15.5,1.68,3530,265,57.0
13.9,2.27,3530,265,57.0
15.4,2.37,3530,265,58.0
17.9,2.3,3527,265,57.0
17.5,2.17,3527,265,59.0
13.4,2.35,3530,265,58.0
16.0,1.32,3527,265,56.0
15.5,2.69,3527,265,58.0
17.9,2.35,3527,265,57.0
21.2,2.33,3527,265,57.0
25.0,1.86,3525,265,59.0
22.5,2.21,3525,265,59.0
31.6,2.58,3525,265,62.0
32.8,2.5,3525,265,59.0
30.7,2.98,3525,266,63.0
35.2,2.22,3525,267,58.0
23.4,2.63,3525,267,58.0
14.7,1.34,3525,267,58.0
16.8,1.45,3525,267,57.0
14.0,2.62,3525,267,57.0
14.9,2.26,3525,267,58.0
12.8,1.12,3527,267,57.0
13.9,1.69,3527,267,57.0
29.0,0.98,3527,267,56.0
16.2,1.5,3530,267,57.0
16.8,2.29,3530,267,58.0
16.8,2.69,3533,267,59.0
16.3,1.17,3530,267,59.0
14.2,1.82,3530,267,58.0
14.0,1.69,3533,267,58.0
15.0,1.22,3530,267,56.0
15.2,1.92,3527,267,57.0
15.4,1.16,3525,267,56.0
13.5,1.82,3525,268,57.0
18.6,2.87,3527,270,61.0
34.0,2.91,3525,272,61.0
28.4,1.84,3525,274,60.0
15.8,1.04,3525,274,58.0
17.4,2.83,3525,274,61.0
16.9,2.35,3525,273,58.0
15.3,1.52,3525,273,59.0
15.5,2.25,3525,273,57.0
17.8,2.65,3527,273,59.0
19.3,1.6,3527,273,58.0
19.6,2.37,3530,273,59.0
14.5,1.78,3530,273,59.0
16.9,3.08,3527,273,59.0
29.6,2.66,3527,273,60.0
28.2,2.15,3525,273,59.0
16.0,2.79,3525,273,60.0
23.3,2.27,3525,273,58.0
17.0,2.11,3527,273,59.0
23.1,2.4,3530,272,60.0
17.6,2.45,3533,272,60.0
19.2,2.66,3533,272,59.0
22.1,2.86,3530,272,62.0
29.5,2.67,3527,272,61.0
34.9,3.15,3525,272,63.0
21.8,2.81,3525,272,61.0
17.2,1.99,3527,272,61.0
23.2,2.17,3530,272,60.0
19.1,2.14,3530,272,60.0
15.4,3.07,3533,272,60.0
13.8,1.69,3533,272,59.0
15.9,1.79,3530,272,58.0
16.1,2.35,3530,272,59.0
40.5,2.96,3527,272,62.0
19.4,2.39,3530,272,61.0
15.0,1.75,3527,272,60.0
15.1,1.61,3530,272,58.0
15.1,1.58,3533,272,59.0
18.8,1.78,3533,272,58.0
13.2,1.94,3536,272,59.0
11.9,1.71,3536,272,58.0
13.4,2.39,3536,272,58.0
19.1,1.66,3536,272,59.0
48.0,2.83,3536,272,63.0
23.9,3.02,3533,272,60.0
18.4,2.41,3533,272,60.0
14.4,2.24,3533,272,60.0
15.3,3.09,3533,272,61.0
15.2,2.97,3530,272,61.0
13.6,3.11,3533,272,61.0
19.7,2.46,3536,272,61.0
17.0,2.53,3536,272,63.0
15.6,2.32,3536,272,60.0
17.4,1.75,3533,272,60.0
14.9,2.49,3536,272,59.0
14.7,1.69,3536,272,60.0
14.7,2.73,3533,272,60.0
13.4,1.63,3533,272,59.0
15.2,2.69,3530,272,59.0
15.7,2.57,3533,273,59.0
13.7,2.74,3533,273,60.0
15.8,1.56,3533,273,57.0
17.5,1.83,3536,273,60.0
14.6,1.75,3536,273,59.0
15.8,1.59,3536,273,57.0
16.0,2.03,3536,273,58.0
19.6,1.69,3536,273,59.0
15.4,2.29,3533,273,60.0
14.1,1.53,3533,273,58.0
14.8,1.45,3530,273,57.0
17.0,1.23,3530,273,57.0
18.5,2.92,3533,273,60.0
21.1,2.27,3533,273,59.0
19.0,2.32,3536,273,58.0
17.6,3.01,3536,273,60.0
14.7,2.31,3536,273,57.0
15.3,2.3,3536,273,59.0
18.5,2.85,3536,273,60.0
15.3,1.95,3536,273,60.0
18.0,1.36,3536,273,58.0
18.3,1.06,3536,273,57.0
17.7,1.08,3533,273,58.0
31.6,1.73,3533,273,59.0
21.4,2.64,3533,273,59.0
18.0,2.51,3533,273,59.0
17.9,2.47,3536,273,59.0
23.7,1.76,3533,273,59.0
18.9,1.81,3536,273,59.0
15.2,2.0,3536,273,59.0
14.4,1.67,3533,273,57.0
15.8,1.96,3533,273,60.0
15.4,2.01,3533,273,59.0
14.1,1.25,3536,273,58.0
13.4,2.2,3533,273,59.0
28.8,1.74,3530,273,58.0
15.7,1.63,3533,273,57.0
14.6,2.27,3530,273,59.0
17.3,1.66,3527,273,57.0
17.6,1.25,3527,273,58.0
13.0,1.68,3527,273,57.0
17.1,2.23,3527,273,60.0
19.3,1.71,3527,273,58.0
15.1,2.39,3527,273,59.0
15.6,1.79,3530,273,57.0
19.3,2.16,3527,273,58.0
19.7,1.05,3530,273,57.0
19.6,1.93,3533,273,59.0
19.0,1.88,3530,273,60.0
23.8,1.93,3530,273,58.0
20.2,2.74,3527,273,59.0
17.9,2.04,3530,273,59.0
25.8,2.47,3530,269,59.0
21.3,1.65,3527,269,59.0
19.4,2.93,3530,269,60.0
12.2,2.23,3533,269,59.0
16.1,2.17,3536,269,58.0
17.4,2.36,3536,269,57.0
14.4,2.12,3536,269,59.0
15.3,2.42,3536,269,58.0
13.4,2.85,3536,269,59.0
14.0,2.29,3536,269,57.0
14.3,2.44,3536,268,57.0
15.2,1.89,3536,268,57.0
14.2,2.35,3536,268,58.0
15.1,2.44,3536,268,58.0
15.1,2.05,3536,268,57.0
14.0,2.26,3536,268,58.0
15.1,1.76,3536,268,57.0
14.6,2.3,3536,268,58.0
15.7,1.65,3536,268,57.0
15.6,1.73,3536,268,57.0
13.6,1.73,3536,264,57.0
17.2,1.88,3536,264,58.0
16.1,2.27,3536,264,59.0
14.6,2.3,3536,264,57.0
15.7,2.46,3536,264,57.0
15.4,2.4,3533,264,58.0
19.5,2.54,3533,264,60.0
14.8,2.85,3530,264,58.0
25.3,2.53,3533,264,64.0
26.6,2.45,3533,264,58.0
19.1,2.37,3533,264,59.0
23.6,2.67,3533,264,60.0
38.0,2.68,3533,264,59.0
21.1,2.11,3533,264,59.0
55.8,2.99,3533,264,64.0
72.5,3.09,3530,265,64.0
46.0,2.99,3525,264,64.0
57.6,3.05,3525,264,65.0
36.1,2.9,3522,264,63.0
41.3,2.97,3525,264,66.0
42.6,2.99,3522,264,65.0
38.9,2.54,3525,264,62.0
35.8,2.94,3525,265,67.0
64.1,2.99,3527,266,67.0
43.6,1.66,3530,266,61.0
18.1,2.36,3530,266,64.0
27.7,1.63,3533,266,62.0
28.1,2.55,3536,266,62.0
15.4,1.37,3536,266,62.0
26.3,2.37,3538,266,60.0
36.2,1.64,3538,265,62.0
43.5,3.1,3538,265,65.0
22.1,1.25,3536,266,61.0
41.6,2.94,3536,266,63.0
27.6,3.04,3536,266,66.0
34.7,2.64,3536,266,63.0
29.1,2.98,3536,266,64.0
21.7,2.98,3536,266,63.0
16.6,1.54,3536,266,61.0
27.9,2.27,3536,266,62.0
26.2,2.09,3536,266,64.0
34.7,3.07,3536,266,63.0
27.4,2.33,3536,266,64.0
17.1,2.35,3538,266,63.0
8.6,1.58,3538,266,62.0
9.7,2.38,3538,266,62.0
14.0,2.15,3538,266,62.0
28.4,2.76,3536,266,64.0
26.0,2.99,3536,266,65.0
57.9,3.08,3536,266,64.0
24.2,2.53,3536,266,64.0
26.2,3.01,3536,266,65.0
35.4,2.31,3536,266,64.0
54.7,2.14,3533,266,64.0
21.4,2.97,3533,266,62.0
20.1,1.53,3536,266,63.0
19.1,2.39,3536,266,62.0
32.2,2.78,3536,266,63.0
24.6,2.28,3536,266,64.0
24.9,2.18,3536,266,63.0
16.0,1.43,3538,266,63.0
21.2,1.89,3538,266,62.0
13.6,0.96,3538,266,61.0
12.0,1.89,3541,266,63.0
13.1,2.9,3543,266,60.0
12.6,1.84,3546,266,60.0
14.1,1.92,3546,266,60.0
11.6,2.51,3546,266,60.0
11.4,2.39,3547,266,60.0
13.7,1.62,3547,266,59.0
9.6,1.57,3547,266,59.0
11.4,1.37,3547,266,59.0
12.4,2.89,3547,266,58.0
12.5,2.11,3546,266,60.0
14.4,2.22,3546,266,58.0
12.9,1.42,3546,266,59.0
10.3,2.18,3546,266,58.0
12.3,0.99,3543,266,58.0
9.9,1.96,3543,266,58.0
8.8,0.97,3543,266,58.0
8.9,1.47,3543,266,58.0
10.9,1.22,3543,266,59.0
21.7,2.24,3543,266,60.0
20.0,1.68,3543,266,60.0
29.3,1.82,3541,266,59.0
22.7,1.75,3538,266,59.0
24.8,2.71,3536,266,61.0
29.0,2.63,3536,266,61.0
22.6,2.69,3536,266,62.0
37.1,3.11,3536,266,62.0
38.1,2.99,3536,266,62.0
32.7,2.52,3536,266,65.0
33.2,2.53,3536,266,65.0
37.0,3.12,3536,266,65.0
41.2,3.01,3536,266,64.0
36.3,2.55,3536,266,63.0
33.4,3.13,3536,266,67.0
34.2,2.38,3533,266,62.0
24.4,1.36,3533,266,61.0
12.9,2.15,3536,266,62.0
13.2,1.25,3538,266,60.0
14.6,2.36,3541,266,63.0
17.0,1.92,3546,266,60.0
16.6,1.83,3546,266,61.0
18.5,2.35,3544,266,61.0
13.4,1.35,3541,266,61.0
19.3,3.04,3541,266,63.0
11.7,1.36,3541,266,61.0
19.2,1.39,3541,266,59.0
17.7,1.73,3541,266,59.0
15.6,1.73,3543,266,59.0
13.8,2.45,3543,266,61.0
12.4,1.97,3543,266,59.0
24.6,2.9,3541,266,63.0
15.7,1.75,3538,266,60.0
19.9,2.43,3541,266,60.0
44.3,2.85,3538,266,62.0
34.2,1.52,3538,266,60.0
21.8,2.15,3538,266,59.0
14.5,1.72,3541,266,59.0
18.3,1.74,3541,266,59.0
22.1,2.62,3538,266,60.0
25.6,2.16,3541,266,61.0
17.3,2.54,3541,266,59.0
25.8,2.5,3538,266,62.0
14.6,1.91,3536,266,60.0
24.1,1.47,3538,266,59.0
28.1,2.08,3541,266,61.0
20.9,1.68,3541,266,60.0
19.1,2.14,3544,266,61.0
17.0,2.61,3544,266,60.0
14.0,1.47,3544,266,59.0
15.0,2.33,3541,266,59.0
17.1,2.43,3538,266,59.0
16.2,1.32,3536,266,59.0
12.6,1.06,3536,266,59.0
15.4,2.0,3536,266,58.0
14.7,1.72,3536,266,59.0
14.4,2.29,3536,266,59.0
13.5,2.53,3536,266,60.0
12.3,3.05,3538,266,59.0
13.4,2.41,3541,266,58.0
16.2,2.37,3541,266,59.0
17.4,2.2,3541,266,58.0
15.1,1.74,3538,266,59.0
16.2,2.46,3538,266,59.0
13.0,1.96,3538,266,59.0
15.1,1.77,3538,266,58.0
15.0,1.94,3538,266,60.0
14.2,1.63,3541,266,59.0
12.4,1.78,3541,266,58.0
14.1,2.49,3544,266,58.0
14.8,2.31,3541,266,60.0
14.2,1.93,3541,266,59.0
14.3,1.63,3544,266,58.0
16.5,1.11,3541,266,57.0
12.6,2.36,3541,266,59.0
17.5,1.88,3538,266,59.0
13.8,1.68,3541,266,58.0
16.3,1.6,3541,266,58.0
13.1,2.4,3538,266,58.0
16.0,2.19,3541,266,61.0
14.9,1.73,3543,266,59.0
13.8,0.94,3546,266,57.0
15.1,1.76,3546,266,59.0
16.3,2.89,3543,266,59.0
14.0,1.74,3543,266,58.0
13.2,1.8,3541,266,57.0
14.0,1.95,3541,266,58.0
15.9,1.72,3538,266,58.0
14.3,1.54,3538,266,58.0
12.9,2.2,3541,266,58.0
24.9,1.75,3544,266,58.0
15.8,1.64,3544,266,58.0
18.4,2.34,3541,266,59.0
13.5,2.34,3541,266,57.0
14.8,2.7,3541,265,58.0
13.6,1.67,3538,265,58.0
13.6,1.41,3538,265,58.0
14.1,2.1,3538,265,57.0
13.6,1.94,3538,265,58.0
14.9,1.92,3541,265,59.0
13.2,2.31,3538,265,57.0
13.1,1.5,3538,265,57.0
15.6,1.88,3538,265,57.0
16.0,1.72,3538,265,57.0
14.3,2.75,3538,265,58.0
15.3,2.13,3538,265,57.0
15.0,3.0,3538,265,59.0
13.4,2.18,3538,265,58.0
14.8,1.52,3536,265,57.0
13.9,1.86,3536,265,57.0
13.6,2.01,3536,265,57.0
13.5,2.12,3536,265,57.0
16.5,2.54,3536,265,60.0
23.3,1.97,3536,265,59.0
16.9,2.32,3536,265,58.0
21.6,2.2,3536,265,57.0
14.4,1.82,3536,265,57.0
20.3,2.76,3536,265,60.0
17.2,2.37,3536,265,58.0
18.1,0.94,3536,265,56.0
19.4,1.78,3536,265,58.0
19.8,2.51,3536,265,57.0
19.6,1.79,3536,265,59.0
17.3,1.32,3536,265,56.0
20.1,1.27,3536,265,56.0
19.0,1.8,3536,263,57.0
18.3,2.79,3538,263,58.0
19.2,2.44,3536,263,58.0
30.4,1.77,3536,263,60.0
20.3,2.47,3536,263,60.0
24.4,1.92,3536,263,59.0
30.3,2.65,3536,263,60.0
29.9,1.62,3536,263,59.0
30.5,1.26,3536,263,59.0
29.9,2.95,3536,263,62.0
22.0,2.76,3536,263,60.0
24.9,2.35,3536,263,60.0
23.9,2.12,3536,263,60.0
16.1,2.04,3536,263,59.0
16.0,1.76,3536,263,58.0
16.3,1.79,3536,262,58.0
15.3,1.53,3536,262,58.0
17.1,2.13,3536,262,58.0
13.3,2.42,3536,262,60.0
28.2,2.06,3536,262,59.0
15.4,2.2,3538,262,58.0
24.2,1.92,3538,262,59.0
23.8,2.15,3538,262,59.0
21.9,2.53,3536,262,59.0
23.8,2.6,3536,262,59.0
25.2,1.92,3536,262,61.0
19.2,2.06,3536,262,60.0
45.3,2.93,3536,262,62.0
44.9,2.6,3536,262,63.0
61.0,2.81,3533,263,64.0
53.8,2.92,3533,263,66.0
35.5,2.47,3530,263,65.0
49.0,2.56,3530,263,67.0
38.5,1.33,3530,263,63.0
21.7,1.31,3533,263,61.0
35.9,2.04,3536,263,63.0
18.2,1.4,3538,263,60.0
27.6,2.65,3541,263,64.0
21.7,1.58,3544,263,60.0
40.4,2.94,3544,263,65.0
56.2,3.05,3541,264,65.0
48.0,3.1,3541,264,66.0
27.6,3.07,3538,264,64.0
28.0,2.98,3536,264,64.0
34.6,3.08,3536,264,65.0
33.8,2.26,3536,264,62.0
20.2,2.21,3536,264,62.0
29.5,2.41,3538,264,64.0
23.8,1.92,3538,264,62.0
25.3,2.44,3538,264,65.0
23.3,2.62,3538,264,64.0
22.9,2.83,3541,264,65.0
21.1,2.43,3541,264,63.0
25.7,1.89,3541,264,62.0
23.7,2.0,3541,264,64.0
20.2,1.68,3544,264,63.0
49.4,2.99,3546,264,69.0
18.5,2.97,3544,264,62.0
17.6,2.39,3541,264,62.0
24.0,1.67,3541,264,63.0
17.4,2.37,3541,264,61.0
23.7,1.6,3538,264,63.0
24.0,1.8,3536,264,61.0
42.0,2.49,3536,264,65.0
23.8,2.33,3536,264,62.0
40.0,3.14,3536,264,65.0
20.9,1.94,3536,264,63.0
28.9,1.77,3536,264,62.0
39.9,3.04,3538,264,66.0
23.1,1.57,3541,264,62.0
21.1,2.4,3541,264,62.0
21.6,1.78,3541,264,62.0
17.4,2.78,3541,264,65.0
27.0,2.31,3543,264,62.0
45.3,2.68,3541,264,63.0
16.9,2.9,3541,264,64.0
31.6,2.4,3541,264,66.0
50.9,2.96,3541,264,65.0
28.8,2.9,3538,264,67.0
23.6,2.58,3538,264,65.0
16.3,2.1,3541,264,64.0
28.2,2.78,3541,264,66.0
40.9,3.06,3541,264,68.0
35.2,2.25,3541,264,64.0
18.8,3.08,3541,264,65.0
25.0,1.56,3541,264,64.0
17.0,2.52,3541,264,65.0
29.2,2.43,3538,264,65.0
36.8,3.07,3541,264,67.0
37.1,3.04,3541,264,67.0
43.2,3.14,3541,264,64.0
53.8,3.08,3538,264,68.0
34.9,2.33,3536,264,65.0
17.0,2.28,3538,264,64.0
20.5,2.01,3538,264,64.0
19.4,2.7,3541,264,66.0
18.6,2.01,3544,264,65.0
48.8,2.57,3547,265,64.0
19.5,2.39,3547,265,63.0
20.0,1.84,3546,265,63.0
18.3,1.69,3546,265,62.0
15.5,1.55,3546,265,62.0
14.3,1.52,3546,265,61.0
18.5,1.92,3549,265,63.0
16.3,2.26,3549,265,62.0
28.1,2.17,3549,265,63.0
16.0,1.77,3549,265,62.0
18.3,1.49,3549,265,62.0
17.6,0.97,3549,265,62.0
13.3,1.03,3549,265,61.0
15.7,2.34,3549,265,62.0
15.3,2.37,3549,265,62.0
13.3,1.54,3549,263,61.0
23.9,1.98,3546,263,63.0
16.2,1.68,3546,263,61.0
16.5,2.16,3546,263,61.0
17.1,2.38,3546,263,61.0
15.7,2.22,3546,263,62.0
21.6,1.57,3546,263,60.0
15.5,1.72,3547,263,62.0
16.6,2.03,3547,263,61.0
15.8,2.24,3547,263,61.0
16.2,2.31,3547,263,61.0
12.8,2.42,3546,263,60.0
14.3,2.32,3546,263,60.0
13.6,2.39,3546,263,60.0
14.9,2.28,3546,263,60.0
15.1,2.16,3546,263,61.0
14.2,2.33,3546,263,61.0
14.3,1.88,3546,263,60.0
15.3,2.02,3546,263,59.0
14.1,2.33,3546,263,60.0
15.2,1.67,3546,263,60.0
16.3,2.33,3546,263,59.0
14.1,0.98,3546,263,59.0
14.8,2.22,3547,263,59.0
16.0,1.67,3547,263,59.0
15.5,2.41,3547,263,59.0
14.5,1.97,3547,263,58.0
16.4,2.31,3546,263,60.0
17.6,1.94,3546,263,59.0
13.0,1.89,3546,263,59.0
17.5,1.48,3546,263,59.0
20.9,2.86,3546,263,62.0
22.8,2.16,3546,263,60.0
25.6,2.92,3546,263,62.0
26.1,1.76,3547,263,61.0
24.9,2.52,3546,263,61.0
23.0,1.56,3544,263,59.0
20.2,1.75,3544,263,59.0
16.5,2.29,3544,263,60.0
23.0,2.19,3541,263,61.0
29.3,2.08,3538,263,61.0
23.5,2.16,3541,263,60.0
19.7,3.14,3541,263,62.0
19.6,2.26,3538,263,62.0
20.0,2.26,3538,263,61.0
46.6,1.91,3538,263,61.0
13.3,1.88,3541,263,60.0
16.5,1.85,3541,263,60.0
44.0,3.03,3543,253,62.0
4.4,1.71,3546,253,61.0
49.6,3.06,3546,254,66.0
39.9,1.44,3546,253,60.0
11.8,2.54,3546,253,63.0
15.9,1.23,3546,253,60.0
22.0,0.8,3546,253,59.0
23.9,0.8,3549,253,59.0
17.3,0.96,3549,253,58.0
19.7,1.0,3551,253,60.0
8.8,0.82,3536,253,58.0
43.8,1.53,3525,253,59.0
20.5,1.92,3515,253,60.0
30.9,1.02,3515,253,60.0
28.6,3.12,3525,253,63.0
19.7,1.95,3522,253,61.0
22.2,0.91,3520,253,59.0
19.4,1.38,3520,253,59.0
33.3,2.84,3520,254,65.0
32.3,1.54,3520,254,61.0
20.4,1.8,3517,254,59.0
21.7,1.53,3515,254,59.0
21.9,1.17,3515,254,61.0
18.7,1.11,3515,254,59.0
20.1,1.17,3515,254,58.0
16.5,1.27,3515,254,59.0
16.6,1.43,3515,254,59.0
17.0,0.86,3517,254,57.0
19.1,0.84,3517,254,58.0
18.0,0.87,3517,254,57.0
18.7,0.86,3515,254,59.0
19.3,1.08,3515,254,58.0
17.3,1.01,3515,254,59.0
19.1,1.49,3515,254,59.0
24.3,1.08,3517,254,59.0
26.8,3.12,3520,253,61.0
34.3,2.72,3520,253,60.0
19.6,1.23,3517,253,60.0
18.6,2.07,3517,253,61.0
19.3,1.36,3515,253,58.0
22.5,2.32,3515,253,61.0
24.6,2.62,3512,254,61.0
34.1,2.73,3515,254,61.0
29.9,1.62,3515,254,60.0
31.9,1.2,3515,254,59.0
27.8,1.59,3517,254,58.0
21.5,1.71,3515,254,60.0
20.8,1.15,3515,254,58.0
22.7,1.08,3515,254,58.0
23.7,1.19,3515,254,58.0
17.9,0.8,3515,254,58.0
22.8,1.43,3515,254,57.0
29.9,1.27,3515,254,57.0
21.7,1.46,3517,254,58.0
22.8,1.46,3520,254,58.0
18.9,1.02,3522,254,57.0
18.4,0.98,3520,254,58.0
21.5,0.87,3520,254,58.0
17.7,0.91,3520,254,57.0
37.4,1.57,3517,254,58.0
16.3,0.8,3515,254,57.0
19.4,1.18,3515,254,56.0
16.3,0.88,3515,254,58.0
18.1,1.47,3515,254,57.0
16.7,1.47,3515,254,58.0
14.8,1.32,3515,255,57.0
23.4,1.53,3515,255,58.0
24.9,1.65,3515,255,57.0
27.2,1.76,3515,256,58.0
22.0,1.43,3515,255,57.0
23.3,1.38,3515,256,59.0
24.8,1.01,3515,256,57.0
17.9,0.88,3515,256,56.0
23.1,1.14,3515,256,57.0
28.4,1.19,3515,256,57.0
24.3,1.37,3515,256,57.0
25.6,1.69,3515,256,58.0
17.0,0.8,3515,256,57.0
30.0,1.62,3515,256,58.0
24.1,1.46,3515,256,58.0
29.8,1.5,3515,256,59.0
24.8,1.25,3515,256,59.0
21.0,0.95,3515,256,56.0
22.8,1.47,3515,256,57.0
15.4,1.44,3515,256,57.0
18.7,1.45,3515,256,57.0
19.0,0.89,3515,256,56.0
20.2,0.88,3515,256,57.0
22.8,0.94,3515,256,56.0
21.4,1.0,3515,256,57.0
23.6,1.88,3515,256,59.0
26.2,0.98,3515,257,58.0
19.3,1.62,3512,257,58.0
18.6,1.51,3510,257,57.0
23.4,1.67,3510,257,57.0
25.2,1.2,3510,257,57.0
33.3,2.62,3512,256,58.0
18.3,1.4,3510,256,56.0
9.0,1.01,3512,256,55.0
37.6,1.78,3515,256,58.0
27.1,1.77,3512,256,58.0
32.7,2.99,3512,256,59.0
41.3,2.81,3512,256,59.0
22.3,0.8,3515,256,56.0
31.0,1.08,3512,258,56.0
5.1,0.8,3512,258,55.0
4.8,0.8,3515,258,56.0
4.0,0.8,3515,258,55.0
4.3,0.8,3515,258,55.0
5.3,1.4,3515,258,54.0
3.8,1.4,3515,259,54.0
6.0,0.91,3515,259,56.0
24.1,0.8,3515,258,55.0
3.5,0.8,3517,258,55.0
3.3,0.8,3517,258,54.0
3.0,0.8,3517,258,54.0
2.3,0.8,3517,258,54.0
3.3,0.8,3517,258,54.0
3.8,0.8,3517,258,54.0
4.8,0.8,3515,258,53.0
2.5,0.8,3515,258,53.0
4.0,1.41,3515,258,54.0
2.8,1.4,3515,258,53.0
4.5,1.4,3515,258,53.0
2.5,0.81,3515,258,53.0
3.5,0.8,3515,258,53.0
4.0,0.8,3515,258,53.0
5.6,0.8,3515,258,53.0
5.0,1.13,3515,258,53.0
4.8,0.8,3512,258,53.0
6.0,0.8,3510,258,53.0
5.3,0.8,3510,258,53.0
2.5,0.86,3507,258,53.0
4.3,0.85,3507,258,53.0
4.8,1.4,3510,258,53.0
4.8,1.44,3510,258,53.0
3.5,1.4,3512,258,52.0
3.0,0.8,3512,258,52.0
3.8,1.4,3512,258,53.0
5.0,0.8,3510,258,52.0
3.0,0.8,3507,258,52.0
6.5,0.8,3510,258,53.0
4.3,0.8,3510,258,52.0
5.1,0.8,3510,258,52.0
4.3,0.8,3510,258,52.0
6.3,0.8,3510,258,52.0
6.3,1.4,3512,258,53.0
18.0,2.53,3510,262,55.0
9.1,1.45,3507,262,52.0
13.4,1.47,3507,262,58.0
25.6,2.83,3507,266,56.0
22.8,2.77,3504,263,56.0
25.3,1.47,3499,258,53.0
2.5,1.4,3525,258,53.0
3.0,0.8,3536,258,53.0
19.5,1.4,3536,258,53.0
2.8,1.46,3536,258,53.0
2.3,0.8,3536,258,52.0
6.5,0.8,3536,258,53.0
2.5,0.8,3536,258,52.0
3.0,0.8,3536,258,52.0
3.5,0.8,3536,258,53.0
2.0,0.8,3536,258,53.0
3.8,0.81,3536,258,52.0
2.8,0.81,3536,258,52.0
5.2,1.4,3536,258,52.0
4.0,1.42,3533,258,51.0
3.8,1.4,3533,258,52.0
2.8,0.8,3536,258,52.0
3.0,0.8,3536,258,51.0
3.0,0.8,3536,258,51.0
2.5,0.8,3533,258,51.0
3.3,0.8,3536,258,51.0
3.3,0.81,3533,258,51.0
3.0,0.8,3530,258,51.0
3.2,0.8,3527,258,51.0
2.8,1.41,3525,258,52.0
4.0,0.8,3525,258,51.0
3.0,1.4,3525,258,51.0
3.7,1.4,3525,258,51.0
3.0,1.4,3525,258,50.0
3.3,0.8,3525,258,51.0
4.0,0.8,3525,258,50.0
1.8,0.81,3525,258,51.0
3.1,0.8,3525,258,50.0
1.8,0.81,3525,258,50.0
3.0,0.8,3525,258,50.0
4.0,0.8,3525,258,50.0
4.8,0.8,3525,258,51.0
2.8,1.4,3525,258,50.0
3.0,0.87,3525,258,52.0
2.8,0.84,3525,258,52.0
3.0,0.87,3525,258,51.0
3.5,0.92,3525,258,52.0
2.8,0.9,3525,258,51.0
3.8,0.84,3525,258,52.0
4.5,1.69,3525,258,53.0
4.0,1.4,3525,258,50.0
2.8,1.41,3525,258,50.0
2.0,0.8,3522,258,49.0
2.8,0.8,3522,258,50.0
3.3,0.8,3525,258,50.0
2.7,0.8,3525,258,49.0
9.0,0.98,3522,258,51.0
18.9,1.05,3520,258,49.0
3.0,0.8,3522,258,50.0
3.5,0.8,3522,258,50.0
3.8,1.4,3522,257,50.0
3.5,1.4,3522,257,50.0
2.8,1.4,3522,257,50.0
3.5,0.89,3525,257,51.0
3.8,0.88,3522,257,51.0
4.8,0.9,3522,257,51.0
2.3,0.89,3522,257,51.0
2.5,1.41,3520,257,49.0
2.5,0.86,3522,257,51.0
4.0,0.91,3522,257,51.0
2.8,0.88,3525,257,51.0
3.0,0.8,3522,257,49.0
3.5,0.8,3522,257,49.0
2.5,0.91,3522,257,50.0
3.0,0.8,3520,257,48.0
23.1,1.94,3517,258,51.0
19.4,0.8,3512,257,49.0
2.0,0.8,3515,257,50.0
2.8,0.8,3512,257,49.0
4.3,0.8,3512,257,49.0
2.3,0.8,3515,257,49.0
2.7,0.8,3517,257,50.0
3.5,0.8,3517,256,49.0
2.8,1.4,3515,256,49.0
2.5,1.42,3515,256,50.0
3.0,1.4,3515,256,49.0
4.0,0.8,3515,256,50.0
30.2,2.82,3515,256,56.0
4.0,1.41,3515,256,50.0
4.0,1.4,3515,256,49.0
5.3,0.8,3515,256,49.0
2.0,0.8,3515,256,49.0
2.0,0.8,3515,256,49.0
2.3,0.8,3515,256,49.0
2.3,0.8,3515,256,49.0
2.5,0.83,3515,256,49.0
2.5,1.4,3515,256,49.0
2.3,1.41,3515,256,48.0
4.0,0.8,3515,256,48.0
2.8,0.8,3515,256,49.0
2.5,1.4,3484,256,49.0
1.8,1.45,3415,256,49.0
2.8,0.8,3329,256,48.0
4.5,0.8,3162,256,48.0
2.8,0.83,3145,256,48.0
2.8,0.8,3080,256,48.0
3.0,0.81,3072,256,48.0
2.8,0.8,3080,256,49.0
4.0,0.8,3064,256,49.0
3.0,1.4,3072,256,48.0
2.3,1.41,3074,256,49.0
2.8,1.4,3096,256,49.0
2.8,1.4,3096,256,49.0
3.3,1.4,3096,256,49.0
3.2,0.8,3096,256,48.0
2.3,0.88,3096,256,48.0
3.0,0.85,3096,256,47.0
6.8,1.4,3112,256,48.0
2.5,0.8,3112,256,48.0
2.0,0.8,3120,256,49.0
2.5,1.4,3120,256,49.0
2.3,1.41,3116,256,48.0
3.3,1.43,3116,256,48.0
2.8,0.8,3116,256,49.0
2.0,1.4,3118,256,48.0
2.5,0.8,3118,256,48.0
2.5,0.8,3118,256,48.0
4.0,0.8,3116,256,48.0
2.0,0.8,3116,256,49.0
2.8,0.8,3116,256,47.0
2.8,0.8,3114,256,48.0
2.3,0.81,3112,256,47.0
3.8,0.81,3112,256,49.0
2.8,1.4,3114,256,49.0
2.0,1.4,3116,256,48.0
18.7,1.41,3116,256,48.0
2.0,0.8,3118,256,48.0
4.8,1.4,3118,256,48.0
3.5,0.99,3116,256,48.0
2.8,0.8,3114,256,48.0
2.5,0.8,3112,256,49.0
2.0,0.8,3112,256,48.0
3.5,0.92,3112,256,47.0
3.8,0.8,3112,256,48.0
2.8,0.8,3112,256,49.0
2.8,1.4,3112,256,48.0
6.0,1.23,3112,256,49.0
3.8,1.4,3112,256,48.0
2.5,1.4,3112,256,47.0
2.3,0.8,3112,256,48.0
4.5,0.8,3112,256,48.0
2.5,0.8,3112,256,48.0
2.8,0.8,3110,256,48.0
3.2,1.4,3108,256,48.0
2.8,0.87,3108,256,49.0
2.0,0.8,3106,256,48.0
4.3,0.8,3106,256,48.0
2.0,0.8,3104,256,48.0
3.0,1.4,3104,256,47.0
2.5,1.4,3106,256,48.0
3.3,1.4,3104,256,48.0
3.5,0.8,3104,256,48.0
2.8,0.8,3106,256,47.0
2.3,0.8,3106,256,47.0
4.5,0.8,3106,256,47.0
2.8,0.8,3104,256,48.0
3.5,0.8,3104,256,47.0
2.3,0.8,3104,256,47.0
2.5,0.8,3096,256,47.0
3.0,0.8,3018,256,47.0
2.5,1.42,2893,256,47.0
2.3,1.41,2710,256,47.0
2.0,1.4,2638,256,47.0
2.5,1.4,2581,256,46.0
3.0,0.8,2537,256,47.0
2.3,1.01,2469,256,49.0
3.8,0.8,2366,256,48.0
3.5,0.8,2234,256,47.0
2.5,0.94,2107,256,48.0
2.8,0.8,2005,256,47.0
1.8,0.8,1953,256,47.0
2.3,0.8,1909,256,47.0
3.2,0.8,1897,256,48.0
2.8,1.4,1894,256,48.0
2.8,1.41,1891,256,47.0
7.0,1.4,1891,256,48.0
17.7,0.96,1893,256,48.0
2.3,1.4,1915,256,48.0
2.0,0.8,1927,256,47.0
3.3,0.8,1930,256,48.0
3.0,0.8,1927,256,48.0
2.5,0.8,1927,256,47.0
3.0,0.8,1927,256,47.0
2.3,0.8,1940,256,47.0
2.3,0.8,1946,256,47.0
4.5,0.8,1946,256,47.0
2.5,1.41,1943,256,48.0
3.8,1.41,1943,256,47.0
2.8,1.41,1944,256,47.0
2.5,1.4,1959,256,48.0
2.3,0.8,1962,256,47.0
3.3,0.8,1965,256,47.0
3.5,0.8,1962,256,47.0
3.0,0.8,1962,256,48.0
2.3,0.8,1962,256,47.0
4.7,0.88,1962,256,47.0
3.7,0.8,1962,256,48.0
3.5,0.8,1962,256,47.0
2.3,0.91,1962,256,48.0
5.5,1.4,1962,256,47.0
3.2,1.4,1961,256,48.0
3.0,1.4,1960,256,48.0
2.3,1.4,1959,256,47.0
3.0,0.8,1959,256,47.0
5.5,0.8,1959,256,49.0
3.0,0.8,1958,255,48.0
3.0,0.8,1957,255,48.0
2.5,0.8,1956,255,49.0
3.3,0.8,1956,255,48.0
3.7,0.8,1956,252,48.0
2.3,0.8,1956,252,49.0
2.0,0.8,1955,252,48.0
2.5,1.4,1954,252,48.0
4.5,1.41,1953,252,48.0
3.3,1.4,1952,252,48.0
2.5,1.4,1952,252,48.0
4.2,1.4,1952,252,48.0
1.8,0.8,1952,252,48.0
3.3,0.8,1952,252,49.0
2.5,0.8,1952,252,48.0
2.8,0.8,1952,252,49.0
2.3,0.8,1951,252,48.0
2.5,0.8,1950,252,48.0
6.3,0.8,1965,252,48.0
19.8,0.8,1969,252,49.0
2.3,1.11,1972,252,48.0
2.5,0.89,1969,252,49.0
2.5,0.87,1969,252,50.0
2.8,0.85,1969,252,50.0
2.5,0.82,1969,252,50.0
5.5,0.87,1969,252,50.0
3.5,0.9,1969,252,50.0
3.8,0.84,1969,252,50.0
3.8,0.84,1969,252,50.0
3.3,0.84,1969,252,49.0
2.5,1.4,1969,252,49.0
2.5,1.41,1969,252,49.0
2.5,0.8,1968,252,48.0
3.2,0.81,1967,252,49.0
2.5,0.8,1966,252,48.0
2.8,0.8,1967,252,48.0
2.8,0.8,1966,252,48.0
2.3,0.8,1965,252,48.0
6.5,0.8,1965,252,48.0
3.2,0.8,1965,252,48.0
3.2,0.8,1965,252,49.0
4.5,0.8,1965,252,49.0
6.0,1.41,1965,252,49.0
3.5,1.42,1964,252,49.0
3.7,1.4,1964,252,49.0
3.0,1.4,1964,252,49.0
2.8,0.8,1963,252,48.0
2.5,1.4,1963,252,48.0
4.0,0.8,1964,252,49.0
6.3,1.18,1964,250,48.0
2.5,0.8,1963,250,49.0
1.8,0.8,1963,250,49.0
2.3,0.8,1962,250,48.0
2.5,0.8,1962,250,48.0
3.0,0.8,1962,250,50.0
2.3,0.87,1962,250,50.0
3.7,1.4,1962,250,48.0
2.3,0.93,1962,250,50.0
3.3,1.41,1962,250,48.0
2.0,1.14,1962,250,49.0
3.3,1.4,1962,250,49.0
2.3,0.8,1962,250,48.0
2.5,0.8,1962,250,49.0
2.5,0.8,1962,250,49.0
2.8,0.8,1962,250,49.0
2.3,0.8,1962,250,48.0
6.8,0.8,1961,250,48.0
3.3,0.8,1961,250,48.0
18.8,0.92,1960,250,48.0
2.5,0.8,1959,250,48.0
3.0,0.8,1959,250,49.0
2.0,0.84,1959,250,50.0
3.3,1.41,1959,250,48.0
2.3,1.4,1959,250,48.0
3.3,1.4,1959,250,49.0
7.3,0.8,1959,250,48.0
3.8,1.4,1959,250,48.0
5.6,0.81,1959,250,48.0
2.8,0.8,1959,250,49.0
8.6,0.8,1959,250,48.0
10.3,0.8,1958,250,49.0
6.0,0.8,1958,250,49.0
4.5,0.8,1958,251,49.0
5.5,0.8,1957,251,50.0
7.6,0.8,1956,249,49.0
4.1,1.4,1956,249,49.0
17.8,1.28,1957,249,49.0
21.3,1.45,1956,249,48.0
13.8,0.81,1956,249,49.0
28.8,1.4,1956,250,50.0
14.3,0.8,1956,250,49.0
9.3,1.0,1956,250,49.0
8.2,0.8,1956,250,49.0
14.3,0.8,1955,250,50.0
6.0,0.8,1955,250,50.0
12.4,1.41,1955,250,49.0
19.5,1.4,1956,250,49.0
21.6,0.87,1955,250,49.0
10.8,1.4,1955,250,50.0
15.2,0.81,1956,250,49.0
15.8,0.8,1956,250,49.0
11.6,0.8,1956,250,49.0
8.3,0.8,1956,250,50.0
8.4,0.81,1956,250,49.0
5.9,0.8,1956,250,50.0
10.9,0.85,1956,250,50.0
14.8,1.43,1956,250,49.0
5.8,0.8,1956,250,50.0
15.9,1.03,1956,250,51.0
15.1,0.88,1956,250,50.0
13.1,0.8,1955,250,50.0
13.8,0.89,1955,250,50.0
20.7,1.44,1954,250,51.0
18.3,0.8,1953,250,50.0
5.0,1.6,1953,250,50.0
16.8,0.99,1953,250,51.0
9.6,1.4,1953,250,50.0
22.2,0.97,1953,250,51.0
14.2,1.59,1954,250,51.0
12.1,0.9,1954,250,51.0
20.8,0.82,1954,250,50.0
11.1,0.87,1955,250,50.0
12.9,0.8,1956,250,51.0
20.8,0.81,1955,250,50.0
13.3,1.4,1954,250,51.0
14.9,1.4,1955,250,51.0
4.3,1.48,1955,250,50.0
6.3,1.4,1955,250,51.0
5.5,0.8,1955,250,50.0
13.1,1.4,1956,250,50.0
18.2,0.84,1956,250,51.0
15.2,0.83,1956,250,51.0
25.4,0.95,1955,250,51.0
14.2,0.89,1954,250,52.0
7.1,0.89,1953,250,50.0
7.1,0.8,1953,250,50.0
4.5,0.8,1953,250,50.0
5.0,1.4,1954,250,49.0
2.8,1.43,1955,250,49.0
4.3,1.41,1956,250,50.0
8.0,1.4,1956,250,50.0
14.2,0.8,1956,250,50.0
5.0,0.85,1956,250,51.0
7.9,0.8,1956,250,50.0
9.6,0.9,1956,250,52.0
10.0,0.8,1955,250,50.0
7.3,0.8,1955,250,51.0
28.4,0.92,1955,250,52.0
12.3,0.81,1955,250,52.0
3.0,0.8,1955,250,50.0
25.5,1.41,1954,250,51.0
10.7,1.63,1955,250,52.0
9.3,2.41,1954,250,53.0
8.9,1.4,1955,250,51.0
19.0,2.28,1954,250,53.0
36.5,2.83,1954,250,60.0
18.8,1.42,1953,250,53.0
22.8,1.44,1953,250,53.0
33.0,1.74,1953,250,53.0
11.9,0.8,1953,250,52.0
26.9,0.82,1953,250,52.0
6.9,0.8,1954,250,52.0
11.6,0.8,1955,250,52.0
12.3,0.8,1956,250,53.0
20.4,0.92,1956,250,53.0
22.3,1.4,1956,250,52.0
11.4,0.89,1955,250,55.0
13.9,1.0,1955,250,53.0
19.1,0.88,1955,250,53.0
16.6,0.92,1955,250,54.0
16.0,0.86,1955,250,54.0
7.8,0.88,1956,250,53.0
11.5,0.92,1956,250,52.0
6.8,1.3,1956,250,53.0
12.9,1.13,1956,250,53.0
24.1,0.85,1956,250,53.0
3.8,1.02,1956,250,53.0
21.4,1.14,1956,250,54.0
17.5,0.88,1956,250,53.0
5.6,0.96,1956,250,53.0
13.7,0.88,1957,250,53.0
4.5,1.41,1957,250,52.0
3.5,1.4,1958,250,52.0
13.0,0.8,1959,250,52.0
16.5,0.82,1959,250,51.0
37.4,3.04,1959,253,57.0
39.8,2.49,1959,253,57.0
33.8,2.58,1956,253,57.0
27.4,1.07,1954,253,54.0
10.3,0.83,1953,253,53.0
22.3,0.96,1952,253,54.0
18.3,0.85,1951,253,53.0
8.5,0.8,1975,253,53.0
8.4,0.82,2046,253,55.0
13.0,0.83,2173,253,54.0
12.5,1.41,2390,253,53.0
31.4,1.45,2485,253,53.0
12.7,1.4,2537,253,53.0
14.4,1.06,2592,250,53.0
14.7,0.8,2679,250,53.0
4.2,0.8,2779,250,53.0
5.4,0.82,2887,250,52.0
5.5,0.8,2988,250,52.0
27.3,2.91,3064,254,58.0
27.2,1.02,3145,253,53.0
19.6,0.8,3170,253,53.0
23.7,1.4,3179,253,53.0
9.7,1.43,3153,253,53.0
23.5,1.57,3137,250,56.0
9.4,1.61,3128,250,54.0
11.7,0.91,3129,250,54.0
17.8,0.92,3137,249,54.0
40.7,2.99,3129,249,60.0
41.3,2.15,3130,249,55.0
22.8,1.25,3126,249,53.0
23.3,0.8,3126,249,53.0
12.4,0.8,3126,249,53.0
15.2,0.8,3126,249,53.0
11.4,0.93,3126,249,52.0
27.7,1.18,3129,249,55.0
27.8,1.13,3129,249,54.0
